loan_id,reporting_month,days_past_due,current_balance,credit_score_band,state,servicer_name,data_quality_score,next_3m_delinquency_flag,predicted_probability,error_type,next_6m_delinquency_flag,next_12m_default_flag,next_12m_prepayment_flag
L001032,2023-07-01,0,108279.98,740+,IL,Atlas,90.0,1.0,0.056,false_negative,,,
L001083,2023-07-01,0,527655.25,740+,TX,Cedar,90.0,1.0,0.0095,false_negative,,,
L001101,2023-07-01,0,321612.76,740+,IL,Beacon,82.0,1.0,0.3352,false_negative,,,
L000235,2023-07-01,30,215614.84,680-739,FL,Cedar,90.0,1.0,0.2435,false_negative,,,
L001076,2023-07-01,0,592559.75,<620,NY,Beacon,82.0,1.0,0.118,false_negative,,,
L001072,2023-07-01,0,255316.06,620-679,TX,Beacon,82.0,1.0,0.1368,false_negative,,,
L000396,2023-07-01,0,276352.57,740+,GA,Beacon,82.0,1.0,0.0517,false_negative,,,
L000404,2023-07-01,60,273310.27,<620,CA,Beacon,82.0,0.0,0.6383,false_positive,,,
L000593,2023-07-01,0,155091.3,<620,CA,Beacon,90.0,1.0,0.0312,false_negative,,,
L000689,2023-07-01,0,562702.41,740+,IL,Cedar,82.0,1.0,0.4415,false_negative,,,
L001025,2023-07-01,0,158986.28,740+,CA,Beacon,90.0,1.0,0.3049,false_negative,,,
L000680,2023-07-01,0,436045.08,620-679,TX,Beacon,90.0,1.0,0.1187,false_negative,,,
L000515,2023-07-01,0,484108.26,740+,NY,Cedar,82.0,1.0,0.2223,false_negative,,,
L000334,2023-07-01,60,530814.56,680-739,TX,Atlas,80.0,1.0,0.4118,false_negative,,,
L001099,2023-07-01,0,550716.36,740+,CA,Atlas,90.0,1.0,0.1611,false_negative,,,
L000666,2023-07-01,0,426940.38,680-739,CA,Cedar,80.0,1.0,0.2719,false_negative,,,
L001041,2023-07-01,0,609784.83,740+,IL,Cedar,82.0,1.0,0.3582,false_negative,,,
L000179,2023-07-01,0,519045.39,740+,IL,Cedar,90.0,1.0,0.0733,false_negative,,,
L000978,2023-07-01,0,485294.17,<620,NY,Cedar,90.0,1.0,0.2391,false_negative,,,
L000042,2023-07-01,30,567255.03,<620,CA,Atlas,90.0,1.0,0.335,false_negative,,,
L000035,2023-07-01,0,382868.19,620-679,IL,Beacon,82.0,1.0,0.0152,false_negative,,,
L000817,2023-07-01,0,278812.73,<620,WA,Beacon,82.0,1.0,0.4519,false_negative,,,
L000937,2023-07-01,0,617266.58,<620,NY,Atlas,90.0,1.0,0.0257,false_negative,,,
L000887,2023-07-01,0,438499.94,680-739,TX,Beacon,90.0,1.0,0.0814,false_negative,,,
L000143,2023-07-01,0,177147.9,620-679,TX,Cedar,90.0,1.0,0.1789,false_negative,,,
L000551,2023-08-01,0,340425.16,680-739,WA,Beacon,82.0,1.0,0.0281,false_negative,,,
L001122,2023-08-01,0,208684.09,680-739,GA,Beacon,82.0,1.0,0.0395,false_negative,,,
L000994,2023-08-01,0,559829.59,620-679,IL,Cedar,82.0,1.0,0.4722,false_negative,,,
L000114,2023-08-01,30,381456.8,740+,CA,Cedar,90.0,1.0,0.0248,false_negative,,,
L000768,2023-08-01,0,292103.11,620-679,IL,Atlas,74.0,1.0,0.0726,false_negative,,,
L000042,2023-08-01,0,565349.47,<620,CA,Atlas,90.0,1.0,0.1831,false_negative,,,
L000533,2023-08-01,0,317862.98,680-739,GA,Cedar,90.0,1.0,0.0445,false_negative,,,
L000700,2023-08-01,0,491111.28,740+,TX,Beacon,90.0,1.0,0.0146,false_negative,,,
L000207,2023-08-01,0,583377.4,620-679,NY,Beacon,82.0,1.0,0.0374,false_negative,,,
L000082,2023-08-01,0,250259.03,620-679,CA,Beacon,82.0,1.0,0.0304,false_negative,,,
L001099,2023-08-01,0,549057.94,740+,CA,Atlas,90.0,1.0,0.2098,false_negative,,,
L000227,2023-08-01,0,218468.77,<620,IL,Atlas,82.0,1.0,0.0965,false_negative,,,
L000092,2023-08-01,0,164312.56,680-739,CA,Beacon,58.0,1.0,0.0164,false_negative,,,
L000647,2023-08-01,0,443460.71,740+,TX,Atlas,90.0,1.0,0.1213,false_negative,,,
L000843,2023-08-01,30,265463.46,680-739,CA,Beacon,72.0,1.0,0.1516,false_negative,,,
L000577,2023-08-01,0,340740.09,680-739,IL,Atlas,82.0,1.0,0.1766,false_negative,,,
L000878,2023-08-01,0,,620-679,WA,Cedar,86.6,1.0,0.0869,false_negative,,,
L000288,2023-08-01,0,251092.23,620-679,TX,Atlas,90.0,1.0,0.0354,false_negative,,,
L000286,2023-08-01,0,412574.31,<620,WA,Cedar,90.0,1.0,0.2646,false_negative,,,
L000593,2023-08-01,0,154712.18,<620,CA,Beacon,90.0,1.0,0.0702,false_negative,,,
L000666,2023-08-01,0,425712.89,680-739,CA,Cedar,80.0,1.0,0.1758,false_negative,,,
L000354,2023-08-01,30,624712.56,620-679,IL,Atlas,90.0,1.0,0.4125,false_negative,,,
L000466,2023-08-01,0,241001.0,680-739,IL,Cedar,90.0,1.0,0.0793,false_negative,,,
L000362,2023-08-01,0,350717.82,620-679,FL,Beacon,90.0,1.0,0.2453,false_negative,,,
L000137,2023-08-01,0,139187.85,740+,GA,Atlas,82.0,1.0,0.1182,false_negative,,,
L000732,2023-08-01,0,183236.28,680-739,FL,Cedar,90.0,1.0,0.0258,false_negative,,,
L001083,2023-08-01,0,526010.59,740+,TX,Cedar,90.0,1.0,0.0179,false_negative,,,
L001076,2023-08-01,0,589763.88,<620,NY,Beacon,82.0,1.0,0.242,false_negative,,,
L000980,2023-08-01,0,247860.51,<620,IL,Beacon,72.0,1.0,0.3325,false_negative,,,
L000006,2023-08-01,30,592373.71,<620,NY,Atlas,90.0,1.0,0.2913,false_negative,,,
L001072,2023-08-01,0,253506.76,620-679,TX,Beacon,82.0,1.0,0.1087,false_negative,,,
L000394,2023-08-01,0,148358.63,680-739,WA,Cedar,64.0,1.0,0.0275,false_negative,,,
L000396,2023-08-01,0,275489.76,740+,GA,Beacon,82.0,1.0,0.0408,false_negative,,,
L000978,2023-08-01,0,484009.13,<620,NY,Cedar,90.0,1.0,0.2015,false_negative,,,
L000952,2023-08-01,0,607985.36,<620,GA,Beacon,72.0,1.0,0.0277,false_negative,,,
L000141,2023-08-01,30,141810.89,680-739,GA,Atlas,90.0,1.0,0.0883,false_negative,,,
L000334,2023-08-01,90,529328.84,680-739,TX,Atlas,80.0,1.0,0.3512,false_negative,,,
L000179,2023-08-01,0,517599.02,740+,IL,Cedar,90.0,1.0,0.0774,false_negative,,,
L000322,2023-08-01,0,136448.29,620-679,GA,Beacon,90.0,1.0,0.2331,false_negative,,,
L000428,2023-09-01,0,397131.73,740+,TX,Atlas,82.0,0.0,0.52,false_positive,,,
L000315,2023-09-01,0,385487.73,680-739,IL,Atlas,80.0,1.0,0.1682,false_negative,,,
L000958,2023-09-01,45,214135.82,680-739,NY,Beacon,78.0,1.0,0.0404,false_negative,,,
L000047,2023-09-01,0,199820.87,<620,NY,Beacon,90.0,1.0,0.0604,false_negative,,,
L000038,2023-09-01,0,426967.89,<620,CA,Beacon,90.0,1.0,0.0185,false_negative,,,
L000235,2023-09-01,0,214305.01,680-739,FL,Cedar,90.0,1.0,0.2031,false_negative,,,
L001072,2023-09-01,0,251874.97,620-679,TX,Beacon,82.0,1.0,0.1408,false_negative,,,
L000394,2023-09-01,0,141825.75,680-739,WA,Cedar,64.0,1.0,0.0366,false_negative,,,
L000512,2023-09-01,0,620877.2,<620,IL,Beacon,82.0,1.0,0.0634,false_negative,,,
L001076,2023-09-01,30,586042.81,<620,NY,Beacon,82.0,1.0,0.2972,false_negative,,,
L000937,2023-09-01,0,613735.97,<620,NY,Atlas,90.0,1.0,0.0707,false_negative,,,
L001083,2023-09-01,0,524595.69,740+,TX,Cedar,90.0,1.0,0.0165,false_negative,,,
L000887,2023-09-01,0,435494.49,680-739,TX,Beacon,90.0,1.0,0.0605,false_negative,,,
L000564,2023-09-01,0,473316.48,680-739,TX,Atlas,82.0,1.0,0.0717,false_negative,,,
L000354,2023-09-01,0,622934.43,620-679,IL,Atlas,90.0,1.0,0.2145,false_negative,,,
L000553,2023-09-01,30,73819.82,<620,TX,Beacon,74.0,1.0,0.4745,false_negative,,,
L000053,2023-09-01,0,388531.32,620-679,FL,Atlas,82.0,1.0,0.1155,false_negative,,,
L000449,2023-09-01,0,316073.22,680-739,CA,Atlas,90.0,1.0,0.1107,false_negative,,,
L000587,2023-09-01,0,239791.75,680-739,WA,Atlas,90.0,1.0,0.0175,false_negative,,,
L000269,2023-09-01,0,197517.06,620-679,GA,Atlas,90.0,1.0,0.1788,false_negative,,,
L000878,2023-09-01,0,562416.21,620-679,WA,Cedar,90.0,1.0,0.1548,false_negative,,,
L000577,2023-09-01,0,339289.45,680-739,IL,Atlas,82.0,1.0,0.2357,false_negative,,,
L000460,2023-09-01,0,210076.24,680-739,GA,Cedar,90.0,1.0,0.02,false_negative,,,
L001045,2023-09-01,0,143204.99,740+,TX,Beacon,82.0,1.0,0.0636,false_negative,,,
L000817,2023-09-01,30,276589.39,<620,WA,Beacon,82.0,0.0,0.557,false_positive,,,
L001019,2023-09-01,0,444078.96,740+,CA,Cedar,82.0,1.0,0.0486,false_negative,,,
L000826,2023-09-01,0,439026.92,620-679,CA,Beacon,90.0,1.0,0.1323,false_negative,,,
L000733,2023-09-01,45,199904.39,740+,WA,Beacon,70.0,1.0,0.0825,false_negative,,,
L000667,2023-09-01,0,619088.13,740+,CA,Atlas,90.0,1.0,0.1166,false_negative,,,
L000771,2023-09-01,30,449896.65,620-679,CA,Cedar,90.0,1.0,0.253,false_negative,,,
L000186,2023-09-01,0,286900.86,620-679,FL,Cedar,90.0,1.0,0.0654,false_negative,,,
L000187,2023-09-01,90,509973.96,740+,WA,Atlas,70.0,0.0,0.5586,false_positive,,,
L001025,2023-09-01,0,157940.14,740+,CA,Beacon,90.0,1.0,0.1903,false_negative,,,
L000700,2023-09-01,0,490023.05,740+,TX,Beacon,90.0,1.0,0.0109,false_negative,,,
L000227,2023-09-01,0,217567.62,<620,IL,Atlas,82.0,1.0,0.051,false_negative,,,
L000680,2023-09-01,0,433493.06,620-679,TX,Beacon,90.0,1.0,0.1002,false_negative,,,
L000768,2023-09-01,0,290736.88,620-679,IL,Atlas,82.0,1.0,0.1224,false_negative,,,
L000745,2023-09-01,0,314434.69,740+,WA,Beacon,90.0,1.0,0.0199,false_negative,,,
L000207,2023-09-01,0,579684.97,620-679,NY,Beacon,82.0,1.0,0.0326,false_negative,,,
L000807,2023-09-01,0,328599.01,<620,IL,Cedar,90.0,1.0,0.1288,false_negative,,,
L000200,2023-09-01,0,445642.23,740+,FL,Beacon,82.0,1.0,0.0111,false_negative,,,
L001122,2023-09-01,0,207427.22,680-739,GA,Beacon,82.0,1.0,0.0317,false_negative,,,
L001048,2023-10-01,0,420423.79,620-679,IL,Atlas,90.0,1.0,0.0841,false_negative,,,
L000700,2023-10-01,0,488876.88,740+,TX,Beacon,90.0,1.0,0.0118,false_negative,,,
L001076,2023-10-01,0,581460.38,<620,NY,Beacon,82.0,1.0,0.1478,false_negative,,,
L000428,2023-10-01,0,395382.03,740+,TX,Atlas,82.0,0.0,0.5016,false_positive,,,
L000544,2023-10-01,0,388275.89,680-739,IL,Beacon,90.0,1.0,0.0733,false_negative,,,
L000551,2023-10-01,0,,680-739,WA,Beacon,69.1,1.0,0.0202,false_negative,,,
L000962,2023-10-01,30,94291.48,620-679,FL,Atlas,80.0,1.0,0.1077,false_negative,,,
L000533,2023-10-01,0,316241.79,680-739,GA,Cedar,90.0,1.0,0.0501,false_negative,,,
L000564,2023-10-01,0,471029.4,680-739,TX,Atlas,82.0,1.0,0.0944,false_negative,,,
L000286,2023-10-01,0,410063.84,<620,WA,Cedar,90.0,1.0,0.2021,false_negative,,,
L000887,2023-10-01,0,434323.96,680-739,TX,Beacon,90.0,1.0,0.0425,false_negative,,,
L000935,2023-10-01,0,188131.31,740+,GA,Atlas,82.0,1.0,0.0304,false_negative,,,
L000937,2023-10-01,0,612085.69,<620,NY,Atlas,90.0,1.0,0.0455,false_negative,,,
L000460,2023-10-01,0,209353.69,680-739,GA,Cedar,90.0,1.0,0.0321,false_negative,,,
L000515,2023-10-01,0,477908.21,740+,NY,Cedar,82.0,1.0,0.1932,false_negative,,,
L000709,2023-10-01,0,168399.39,<620,TX,Atlas,82.0,1.0,0.084,false_negative,,,
L000728,2023-10-01,0,112880.42,620-679,IL,Beacon,82.0,1.0,0.0355,false_negative,,,
L000504,2023-10-01,0,401422.18,620-679,FL,Atlas,90.0,1.0,0.2297,false_negative,,,
L000503,2023-10-01,0,138869.9,<620,FL,Cedar,90.0,1.0,0.1046,false_negative,,,
L000035,2023-10-01,0,377915.62,620-679,IL,Beacon,82.0,1.0,0.0204,false_negative,,,
L000952,2023-10-01,0,604206.41,<620,GA,Beacon,72.0,1.0,0.0276,false_negative,,,
L000032,2023-10-01,30,172495.57,680-739,IL,Cedar,90.0,1.0,0.1046,false_negative,,,
L001101,2023-10-01,0,317826.45,740+,IL,Beacon,82.0,1.0,0.2888,false_negative,,,
L000817,2023-10-01,0,275360.95,<620,WA,Beacon,82.0,0.0,0.5172,false_positive,,,
L000656,2023-10-01,0,634698.57,620-679,GA,Cedar,72.0,1.0,0.1816,false_negative,,,
L000404,2023-10-01,0,270159.26,<620,CA,Beacon,82.0,0.0,0.5125,false_positive,,,
L000667,2023-10-01,0,617110.44,740+,CA,Atlas,90.0,1.0,0.0836,false_negative,,,
L000974,2023-10-01,0,359748.53,620-679,GA,Atlas,90.0,1.0,0.0805,false_negative,,,
L000622,2023-10-01,0,111122.54,740+,IL,Cedar,90.0,1.0,0.2626,false_negative,,,
L000269,2023-10-01,30,196933.87,620-679,GA,Atlas,90.0,1.0,0.1767,false_negative,,,
L000593,2023-10-01,0,153876.38,<620,CA,Beacon,90.0,1.0,0.0275,false_negative,,,
L000619,2023-10-01,0,418529.16,<620,CA,Beacon,82.0,1.0,0.1166,false_negative,,,
L000394,2023-10-01,0,141074.63,680-739,WA,Cedar,72.0,1.0,0.0672,false_negative,,,
L000980,2023-10-01,0,246006.69,<620,IL,Beacon,72.0,1.0,0.3752,false_negative,,,
L000092,2023-10-01,0,143250.07,680-739,CA,Beacon,74.0,1.0,0.0225,false_negative,,,
L000252,2023-10-01,0,211174.73,680-739,CA,Atlas,90.0,1.0,0.1488,false_negative,,,
L000813,2023-10-01,0,341490.71,620-679,GA,Atlas,80.0,1.0,0.0277,false_negative,,,
L000768,2023-10-01,0,289461.8,620-679,IL,Atlas,82.0,1.0,0.1463,false_negative,,,
L000082,2023-10-01,30,247432.44,620-679,CA,Beacon,70.0,1.0,0.0332,false_negative,,,
L000227,2023-10-01,0,216589.85,<620,IL,Atlas,82.0,1.0,0.0947,false_negative,,,
L001032,2023-10-01,0,107320.64,740+,IL,Atlas,90.0,1.0,0.0332,false_negative,,,
L000235,2023-10-01,0,213711.99,680-739,FL,Cedar,90.0,1.0,0.4856,false_negative,,,
L000652,2023-10-01,0,509883.83,620-679,CA,Cedar,90.0,1.0,0.1115,false_negative,,,
L000404,2023-11-01,0,268853.17,<620,CA,Beacon,82.0,0.0,0.7053,false_positive,,,
L000503,2023-11-01,0,138469.99,<620,FL,Cedar,90.0,1.0,0.0697,false_negative,,,
L000504,2023-11-01,0,400197.99,620-679,FL,Atlas,90.0,1.0,0.2842,false_negative,,,
L000394,2023-11-01,30,140449.05,680-739,WA,Cedar,72.0,1.0,0.0842,false_negative,,,
L000035,2023-11-01,0,375919.41,620-679,IL,Beacon,82.0,1.0,0.0266,false_negative,,,
L001024,2023-11-01,0,319949.02,<620,IL,Cedar,82.0,1.0,0.0495,false_negative,,,
L000179,2023-11-01,0,512887.19,740+,IL,Cedar,90.0,1.0,0.0984,false_negative,,,
L000335,2023-11-01,0,606874.12,<620,CA,Beacon,90.0,1.0,0.0801,false_negative,,,
L000619,2023-11-01,0,415706.65,<620,CA,Beacon,82.0,1.0,0.1383,false_negative,,,
L000728,2023-11-01,0,112204.54,620-679,IL,Beacon,72.0,1.0,0.0298,false_negative,,,
L001137,2023-11-01,0,251032.18,740+,FL,Atlas,82.0,1.0,0.1021,false_negative,,,
L000227,2023-11-01,30,215807.27,<620,IL,Atlas,82.0,1.0,0.1292,false_negative,,,
L000460,2023-11-01,0,208655.15,680-739,GA,Cedar,90.0,1.0,0.0354,false_negative,,,
L000652,2023-11-01,0,508050.68,620-679,CA,Cedar,90.0,1.0,0.1195,false_negative,,,
L000768,2023-11-01,30,288628.66,620-679,IL,Atlas,72.0,1.0,0.0873,false_negative,,,
L000942,2023-11-01,0,176787.95,680-739,IL,Beacon,82.0,1.0,0.0349,false_negative,,,
L000449,2023-11-01,30,314334.35,680-739,CA,Atlas,90.0,1.0,0.0662,false_negative,,,
L000739,2023-11-01,0,555973.55,620-679,IL,Beacon,90.0,1.0,0.0483,false_negative,,,
L000466,2023-11-01,0,238979.13,680-739,IL,Cedar,90.0,1.0,0.0964,false_negative,,,
L000935,2023-11-01,0,186989.42,740+,GA,Atlas,82.0,1.0,0.0341,false_negative,,,
L000348,2023-11-01,0,162616.43,<620,GA,Beacon,82.0,1.0,0.0284,false_negative,,,
L000656,2023-11-01,0,632215.92,620-679,GA,Cedar,72.0,1.0,0.1304,false_negative,,,
L000211,2023-11-01,0,617265.8,<620,IL,Beacon,82.0,1.0,0.1253,false_negative,,,
L001072,2023-11-01,30,248880.78,620-679,TX,Beacon,82.0,1.0,0.1323,false_negative,,,
L000427,2023-11-01,0,318878.66,620-679,NY,Atlas,90.0,1.0,0.0326,false_negative,,,
L000380,2023-11-01,0,193765.39,680-739,WA,Beacon,80.0,1.0,0.0476,false_negative,,,
L000533,2023-11-01,0,315176.29,680-739,GA,Cedar,90.0,1.0,0.0613,false_negative,,,
L000544,2023-11-01,0,387026.28,680-739,IL,Beacon,90.0,1.0,0.0719,false_negative,,,
L000303,2023-11-01,0,529591.92,620-679,IL,Beacon,90.0,1.0,0.0714,false_negative,,,
L000053,2023-11-01,0,383979.14,620-679,FL,Atlas,82.0,1.0,0.0838,false_negative,,,
L000891,2023-11-01,0,301296.54,620-679,WA,Cedar,82.0,1.0,0.1282,false_negative,,,
L000980,2023-11-01,30,244967.53,<620,IL,Beacon,72.0,1.0,0.3947,false_negative,,,
L000680,2023-11-01,0,431029.02,620-679,TX,Beacon,90.0,1.0,0.1209,false_negative,,,
L000207,2023-11-01,0,572559.97,620-679,NY,Beacon,82.0,1.0,0.0463,false_negative,,,
L001048,2023-11-01,0,418925.45,620-679,IL,Atlas,90.0,1.0,0.0891,false_negative,,,
L000807,2023-11-01,0,326798.74,<620,IL,Cedar,90.0,1.0,0.1065,false_negative,,,
L000564,2023-11-01,0,467971.46,680-739,TX,Atlas,82.0,1.0,0.0646,false_negative,,,
L000186,2023-11-01,0,285316.96,620-679,FL,Cedar,90.0,1.0,0.1064,false_negative,,,
L000512,2023-11-01,0,614884.21,<620,IL,Beacon,82.0,1.0,0.0672,false_negative,,,
L000257,2023-11-01,0,154891.14,680-739,GA,Cedar,90.0,1.0,0.0324,false_negative,,,
L000187,2023-11-01,0,505705.99,740+,WA,Atlas,82.0,0.0,0.5249,false_positive,,,
L000038,2023-11-01,0,424716.75,<620,CA,Beacon,90.0,1.0,0.0419,false_negative,,,
L000077,2023-11-01,30,621835.7,740+,GA,Atlas,90.0,1.0,0.0847,false_negative,,,
L000593,2023-11-01,30,153364.49,<620,CA,Beacon,90.0,1.0,0.0441,false_negative,,,
L000668,2023-11-01,0,278326.66,680-739,WA,Beacon,82.0,1.0,0.0211,false_negative,,,
L000047,2023-11-01,0,198443.75,<620,NY,Beacon,90.0,1.0,0.103,false_negative,,,
L001041,2023-11-01,0,593995.09,740+,IL,Cedar,82.0,1.0,0.3716,false_negative,,,
L001019,2023-12-01,0,436260.6,740+,CA,Cedar,82.0,1.0,0.1297,false_negative,,,
L000957,2023-12-01,0,221388.98,620-679,IL,Cedar,82.0,1.0,0.2054,false_negative,,,
L000768,2023-12-01,60,287343.13,620-679,IL,Atlas,72.0,1.0,0.0909,false_negative,,,
L000767,2023-12-01,0,625935.42,<620,NY,Cedar,90.0,1.0,0.0724,false_negative,,,
L001032,2023-07-01,0,108279.98,740+,IL,Atlas,90.0,,0.3441,false_negative,1.0,,
L000626,2023-07-01,0,143480.71,680-739,TX,Atlas,90.0,,0.5294,false_positive,0.0,,
L000619,2023-07-01,0,424987.46,<620,CA,Beacon,82.0,,0.4066,false_negative,1.0,,
L000460,2023-07-01,0,211514.8,680-739,GA,Cedar,90.0,,0.0996,false_negative,1.0,,
L000235,2023-07-01,30,215614.84,680-739,FL,Cedar,90.0,,0.4543,false_negative,1.0,,
L001076,2023-07-01,0,592559.75,<620,NY,Beacon,82.0,,0.2426,false_negative,1.0,,
L000396,2023-07-01,0,276352.57,740+,GA,Beacon,82.0,,0.0552,false_negative,1.0,,
L000404,2023-07-01,60,273310.27,<620,CA,Beacon,82.0,,0.799,false_positive,0.0,,
L000422,2023-07-01,0,558888.88,620-679,TX,Cedar,82.0,,0.0864,false_negative,1.0,,
L000427,2023-07-01,0,322528.89,620-679,NY,Atlas,90.0,,0.0493,false_negative,1.0,,
L000375,2023-07-01,0,308739.55,<620,GA,Atlas,90.0,,0.569,false_positive,0.0,,
L001022,2023-07-01,30,558837.05,620-679,IL,Atlas,82.0,,0.5299,false_positive,0.0,,
L000700,2023-07-01,0,492514.36,740+,TX,Beacon,90.0,,0.018,false_negative,1.0,,
L000593,2023-07-01,0,155091.3,<620,CA,Beacon,90.0,,0.0088,false_negative,1.0,,
L000315,2023-07-01,0,388027.44,680-739,IL,Atlas,90.0,,0.3236,false_negative,1.0,,
L001052,2023-07-01,0,395502.12,680-739,FL,Cedar,90.0,,0.0382,false_negative,1.0,,
L001048,2023-07-01,0,424426.58,620-679,IL,Atlas,90.0,,0.4076,false_negative,1.0,,
L000207,2023-07-01,0,585803.44,620-679,NY,Beacon,82.0,,0.0296,false_negative,1.0,,
L000515,2023-07-01,0,484108.26,740+,NY,Cedar,82.0,,0.2134,false_negative,1.0,,
L001099,2023-07-01,0,550716.36,740+,CA,Atlas,90.0,,0.4753,false_negative,1.0,,
L000666,2023-07-01,0,426940.38,680-739,CA,Cedar,80.0,,0.4359,false_negative,1.0,,
L000512,2023-07-01,0,626216.48,<620,IL,Beacon,82.0,,0.0418,false_negative,1.0,,
L000179,2023-07-01,0,519045.39,740+,IL,Cedar,90.0,,0.4599,false_negative,1.0,,
L000503,2023-07-01,0,140118.45,<620,FL,Cedar,90.0,,0.4942,false_negative,1.0,,
L000339,2023-07-01,0,222081.36,680-739,TX,Beacon,58.0,,0.529,false_positive,0.0,,
L000042,2023-07-01,30,567255.03,<620,CA,Atlas,90.0,,0.3899,false_negative,1.0,,
L000813,2023-07-01,0,344278.36,620-679,GA,Atlas,80.0,,0.3467,false_negative,1.0,,
L001137,2023-07-01,0,255324.15,740+,FL,Atlas,82.0,,0.0873,false_negative,1.0,,
L000035,2023-07-01,0,382868.19,620-679,IL,Beacon,82.0,,0.016,false_negative,1.0,,
L000768,2023-07-01,0,330638.1,620-679,IL,Atlas,58.0,,0.3973,false_negative,1.0,,
L000054,2023-07-01,0,358246.33,680-739,TX,Cedar,82.0,,0.6167,false_positive,0.0,,
L000937,2023-07-01,0,617266.58,<620,NY,Atlas,90.0,,0.3283,false_negative,1.0,,
L000038,2023-07-01,0,429183.87,<620,CA,Beacon,90.0,,0.261,false_negative,1.0,,
L000887,2023-07-01,0,438499.94,680-739,TX,Beacon,90.0,,0.4399,false_negative,1.0,,
L000143,2023-07-01,0,177147.9,620-679,TX,Cedar,90.0,,0.291,false_negative,1.0,,
L000007,2023-07-01,0,140175.52,620-679,GA,Beacon,90.0,,0.5922,false_positive,0.0,,
L000935,2023-07-01,0,191719.44,740+,GA,Atlas,82.0,,0.049,false_negative,1.0,,
L000551,2023-08-01,0,340425.16,680-739,WA,Beacon,82.0,,0.4153,false_negative,1.0,,
L000892,2023-08-01,0,400410.32,<620,IL,Beacon,82.0,,0.5824,false_positive,0.0,,
L001048,2023-08-01,0,423220.38,620-679,IL,Atlas,90.0,,0.293,false_negative,1.0,,
L000114,2023-08-01,30,381456.8,740+,CA,Cedar,90.0,,0.0941,false_negative,1.0,,
L000512,2023-08-01,0,623435.67,<620,IL,Beacon,82.0,,0.1369,false_negative,1.0,,
L000042,2023-08-01,0,565349.47,<620,CA,Atlas,90.0,,0.3413,false_negative,1.0,,
L000303,2023-08-01,0,533424.9,620-679,IL,Beacon,90.0,,0.1135,false_negative,1.0,,
L000053,2023-08-01,0,390616.63,620-679,FL,Atlas,82.0,,0.1391,false_negative,1.0,,
L000117,2023-08-01,0,636735.84,<620,IL,Cedar,82.0,,0.6029,false_positive,0.0,,
L000533,2023-08-01,0,317862.98,680-739,GA,Cedar,90.0,,0.225,false_negative,1.0,,
L000700,2023-08-01,0,491111.28,740+,TX,Beacon,90.0,,0.0133,false_negative,1.0,,
L000207,2023-08-01,0,583377.4,620-679,NY,Beacon,82.0,,0.0222,false_negative,1.0,,
L000619,2023-08-01,0,422191.57,<620,CA,Beacon,82.0,,0.4162,false_negative,1.0,,
L001038,2023-08-01,0,546504.04,680-739,IL,Cedar,82.0,,0.5397,false_positive,0.0,,
L000082,2023-08-01,0,250259.03,620-679,CA,Beacon,82.0,,0.0591,false_negative,1.0,,
L000626,2023-08-01,0,143211.04,680-739,TX,Atlas,90.0,,0.5377,false_positive,0.0,,
L000227,2023-08-01,0,218468.77,<620,IL,Atlas,82.0,,0.1211,false_negative,1.0,,
L000092,2023-08-01,0,164312.56,680-739,CA,Beacon,58.0,,0.4273,false_negative,1.0,,
L000647,2023-08-01,0,443460.71,740+,TX,Atlas,90.0,,0.3684,false_negative,1.0,,
L000843,2023-08-01,30,265463.46,680-739,CA,Beacon,72.0,,0.3382,false_negative,1.0,,
L000578,2023-08-01,0,221337.55,740+,WA,Beacon,82.0,,0.1079,false_negative,1.0,,
L000878,2023-08-01,0,,620-679,WA,Cedar,86.6,,0.1282,false_negative,1.0,,
L000288,2023-08-01,0,251092.23,620-679,TX,Atlas,90.0,,0.0243,false_negative,1.0,,
L000593,2023-08-01,0,154712.18,<620,CA,Beacon,90.0,,0.0261,false_negative,1.0,,
L000587,2023-08-01,0,240353.0,680-739,WA,Atlas,90.0,,0.3368,false_negative,1.0,,
L000211,2023-08-01,0,625429.79,<620,IL,Beacon,82.0,,0.3315,false_negative,1.0,,
L000463,2023-08-01,0,280919.19,620-679,GA,Beacon,82.0,,0.5503,false_positive,0.0,,
L000362,2023-08-01,0,350717.82,620-679,FL,Beacon,90.0,,0.434,false_negative,1.0,,
L000137,2023-08-01,0,139187.85,740+,GA,Atlas,82.0,,0.2652,false_negative,1.0,,
L000732,2023-08-01,0,183236.28,680-739,FL,Cedar,90.0,,0.1374,false_negative,1.0,,
L000470,2023-08-01,0,199105.34,680-739,GA,Atlas,82.0,,0.0272,false_negative,1.0,,
L000935,2023-08-01,0,190462.62,740+,GA,Atlas,82.0,,0.0407,false_negative,1.0,,
L001076,2023-08-01,0,589763.88,<620,NY,Beacon,82.0,,0.4737,false_negative,1.0,,
L000006,2023-08-01,30,592373.71,<620,NY,Atlas,90.0,,0.4824,false_negative,1.0,,
L001072,2023-08-01,0,253506.76,620-679,TX,Beacon,82.0,,0.3841,false_negative,1.0,,
L000394,2023-08-01,0,148358.63,680-739,WA,Cedar,64.0,,0.3432,false_negative,1.0,,
L000767,2023-08-01,0,633136.42,<620,NY,Cedar,90.0,,0.2933,false_negative,1.0,,
L000396,2023-08-01,0,275489.76,740+,GA,Beacon,82.0,,0.0304,false_negative,1.0,,
L000952,2023-08-01,0,607985.36,<620,GA,Beacon,72.0,,0.026,false_negative,1.0,,
L000141,2023-08-01,30,141810.89,680-739,GA,Atlas,90.0,,0.0906,false_negative,1.0,,
L000427,2023-08-01,0,321551.15,620-679,NY,Atlas,90.0,,0.0291,false_negative,1.0,,
L000428,2023-08-01,90,398950.32,740+,TX,Atlas,82.0,,0.7007,false_positive,0.0,,
L000334,2023-08-01,90,529328.84,680-739,TX,Atlas,80.0,,0.3931,false_negative,1.0,,
L000335,2023-08-01,0,611880.03,<620,CA,Beacon,90.0,,0.3312,false_negative,1.0,,
L000038,2023-08-01,0,428102.17,<620,CA,Beacon,90.0,,0.1736,false_negative,1.0,,
L000728,2023-08-01,0,114130.67,620-679,IL,Beacon,82.0,,0.0899,false_negative,1.0,,
L000322,2023-08-01,0,136448.29,620-679,GA,Beacon,90.0,,0.3333,false_negative,1.0,,
L000975,2023-09-01,0,159250.54,680-739,FL,Beacon,82.0,,0.2937,false_negative,1.0,,
L000375,2023-09-01,0,307054.11,<620,GA,Atlas,90.0,,0.5694,false_positive,0.0,,
L000315,2023-09-01,0,385487.73,680-739,IL,Atlas,80.0,,0.4736,false_negative,1.0,,
L000958,2023-09-01,45,214135.82,680-739,NY,Beacon,78.0,,0.0748,false_negative,1.0,,
L000257,2023-09-01,0,155767.18,680-739,GA,Cedar,90.0,,0.1165,false_negative,1.0,,
L000047,2023-09-01,0,199820.87,<620,NY,Beacon,90.0,,0.2714,false_negative,1.0,,
L000399,2023-09-01,0,169454.27,620-679,IL,Atlas,90.0,,0.5569,false_positive,0.0,,
L000038,2023-09-01,0,426967.89,<620,CA,Beacon,90.0,,0.1796,false_negative,1.0,,
L000235,2023-09-01,0,214305.01,680-739,FL,Cedar,90.0,,0.3112,false_negative,1.0,,
L000513,2023-09-01,0,331940.95,620-679,TX,Cedar,90.0,,0.6423,false_positive,0.0,,
L000974,2023-09-01,0,360889.78,620-679,GA,Atlas,90.0,,0.0681,false_negative,1.0,,
L000380,2023-09-01,0,194947.55,680-739,WA,Beacon,90.0,,0.1248,false_negative,1.0,,
L001038,2023-09-01,0,544260.53,680-739,IL,Cedar,82.0,,0.6746,false_positive,0.0,,
L000619,2023-09-01,0,420163.46,<620,CA,Beacon,82.0,,0.2565,false_negative,1.0,,
L000512,2023-09-01,0,620877.2,<620,IL,Beacon,82.0,,0.1624,false_negative,1.0,,
L000427,2023-09-01,0,320843.95,620-679,NY,Atlas,90.0,,0.0303,false_negative,1.0,,
L001076,2023-09-01,30,586042.81,<620,NY,Beacon,82.0,,0.4752,false_negative,1.0,,
L000054,2023-09-01,0,325865.51,680-739,TX,Cedar,74.0,,0.5033,false_positive,0.0,,
L000335,2023-09-01,0,610253.82,<620,CA,Beacon,90.0,,0.1311,false_negative,1.0,,
L001083,2023-09-01,0,524595.69,740+,TX,Cedar,90.0,,0.4123,false_negative,1.0,,
L000887,2023-09-01,0,435494.49,680-739,TX,Beacon,90.0,,0.2655,false_negative,1.0,,
L000470,2023-09-01,0,197497.44,680-739,GA,Atlas,82.0,,0.0345,false_negative,1.0,,
L000564,2023-09-01,0,473316.48,680-739,TX,Atlas,82.0,,0.1178,false_negative,1.0,,
L000354,2023-09-01,0,622934.43,620-679,IL,Atlas,90.0,,0.3977,false_negative,1.0,,
L000883,2023-09-01,30,515298.07,680-739,FL,Beacon,82.0,,0.5265,false_positive,0.0,,
L001137,2023-09-01,0,252879.1,740+,FL,Atlas,82.0,,0.0932,false_negative,1.0,,
L000488,2023-09-01,15,207689.91,680-739,CA,Cedar,78.0,,0.7239,false_positive,0.0,,
L000889,2023-09-01,0,211399.6,620-679,WA,Beacon,90.0,,0.303,false_negative,1.0,,
L000053,2023-09-01,0,388531.32,620-679,FL,Atlas,82.0,,0.1448,false_negative,1.0,,
L000891,2023-09-01,0,304008.23,620-679,WA,Cedar,82.0,,0.4232,false_negative,1.0,,
L000544,2023-09-01,0,389489.97,680-739,IL,Beacon,90.0,,0.4731,false_negative,1.0,,
L000303,2023-09-01,0,532042.7,620-679,IL,Beacon,90.0,,0.0739,false_negative,1.0,,
L000337,2023-09-01,0,500906.47,<620,IL,Beacon,72.0,,0.1919,false_negative,1.0,,
L000451,2023-09-01,0,553970.52,620-679,IL,Atlas,90.0,,0.6613,false_positive,0.0,,
L000449,2023-09-01,0,316073.22,680-739,CA,Atlas,90.0,,0.0869,false_negative,1.0,,
L000587,2023-09-01,0,239791.75,680-739,WA,Atlas,90.0,,0.0979,false_negative,1.0,,
L000527,2023-09-01,0,435302.52,740+,IL,Cedar,82.0,,0.667,false_positive,0.0,,
L000268,2023-09-01,0,130724.47,<620,NY,Atlas,82.0,,0.0981,false_negative,1.0,,
L000269,2023-09-01,0,197517.06,620-679,GA,Atlas,90.0,,0.1899,false_negative,1.0,,
L000503,2023-09-01,0,139306.79,<620,FL,Cedar,90.0,,0.3957,false_negative,1.0,,
L000359,2023-09-01,0,208714.38,620-679,NY,Cedar,82.0,,0.1017,false_negative,1.0,,
L000878,2023-09-01,0,562416.21,620-679,WA,Cedar,90.0,,0.2701,false_negative,1.0,,
L000463,2023-09-01,0,279657.53,620-679,GA,Beacon,82.0,,0.5314,false_positive,0.0,,
L000460,2023-09-01,0,210076.24,680-739,GA,Cedar,90.0,,0.0302,false_negative,1.0,,
L001045,2023-09-01,0,143204.99,740+,TX,Beacon,82.0,,0.1137,false_negative,1.0,,
L000360,2023-09-01,0,373331.38,680-739,WA,Cedar,90.0,,0.1118,false_negative,1.0,,
L000817,2023-09-01,30,276589.39,<620,WA,Beacon,82.0,,0.84,false_positive,0.0,,
L001019,2023-09-01,0,444078.96,740+,CA,Cedar,82.0,,0.1212,false_negative,1.0,,
L000728,2023-09-01,0,113488.5,620-679,IL,Beacon,82.0,,0.0777,false_negative,1.0,,
L000826,2023-09-01,0,439026.92,620-679,CA,Beacon,90.0,,0.1381,false_negative,1.0,,
L000692,2023-09-01,0,616761.82,740+,TX,Beacon,82.0,,0.4216,false_negative,1.0,,
L000131,2023-09-01,0,331107.12,740+,GA,Beacon,90.0,,0.0471,false_negative,1.0,,
L000733,2023-09-01,45,199904.39,740+,WA,Beacon,70.0,,0.1679,false_negative,1.0,,
L000211,2023-09-01,0,622753.8,<620,IL,Beacon,82.0,,0.4656,false_negative,1.0,,
L000230,2023-09-01,0,226853.29,620-679,CA,Cedar,90.0,,0.0322,false_negative,1.0,,
L000117,2023-09-01,0,633842.09,<620,IL,Cedar,82.0,,0.7645,false_positive,0.0,,
L000667,2023-09-01,0,619088.13,740+,CA,Atlas,90.0,,0.0962,false_negative,1.0,,
L000771,2023-09-01,30,449896.65,620-679,CA,Cedar,90.0,,0.2369,false_negative,1.0,,
L000186,2023-09-01,0,286900.86,620-679,FL,Cedar,90.0,,0.2028,false_negative,1.0,,
L000187,2023-09-01,90,509973.96,740+,WA,Atlas,70.0,,0.7601,false_positive,0.0,,
L001025,2023-09-01,0,157940.14,740+,CA,Beacon,90.0,,0.4818,false_negative,1.0,,
L001007,2023-09-01,0,504157.61,620-679,CA,Beacon,90.0,,0.5126,false_positive,0.0,,
L000700,2023-09-01,0,490023.05,740+,TX,Beacon,90.0,,0.0096,false_negative,1.0,,
L000227,2023-09-01,0,217567.62,<620,IL,Atlas,82.0,,0.0816,false_negative,1.0,,
L000202,2023-09-01,0,119257.01,680-739,FL,Beacon,82.0,,0.0454,false_negative,1.0,,
L000813,2023-09-01,0,342457.06,620-679,GA,Atlas,80.0,,0.2376,false_negative,1.0,,
L000137,2023-09-01,30,138636.82,740+,GA,Atlas,82.0,,0.5315,false_positive,0.0,,
L000680,2023-09-01,0,433493.06,620-679,TX,Beacon,90.0,,0.291,false_negative,1.0,,
L000745,2023-09-01,0,314434.69,740+,WA,Beacon,90.0,,0.0109,false_negative,1.0,,
L000207,2023-09-01,0,579684.97,620-679,NY,Beacon,82.0,,0.0283,false_negative,1.0,,
L000709,2023-09-01,0,169041.51,<620,TX,Atlas,82.0,,0.1014,false_negative,1.0,,
L000807,2023-09-01,0,328599.01,<620,IL,Cedar,90.0,,0.1797,false_negative,1.0,,
L000767,2023-09-01,0,631074.92,<620,NY,Cedar,90.0,,0.2378,false_negative,1.0,,
L000200,2023-09-01,0,445642.23,740+,FL,Beacon,82.0,,0.0189,false_negative,1.0,,
L001048,2023-10-01,0,420423.79,620-679,IL,Atlas,90.0,,0.2723,false_negative,1.0,,
L000700,2023-10-01,0,488876.88,740+,TX,Beacon,90.0,,0.0213,false_negative,1.0,,
L000527,2023-10-01,0,432336.24,740+,IL,Cedar,82.0,,0.647,false_positive,0.0,,
L001076,2023-10-01,0,581460.38,<620,NY,Beacon,82.0,,0.3712,false_negative,1.0,,
L000202,2023-10-01,0,118667.89,680-739,FL,Beacon,82.0,,0.1194,false_negative,1.0,,
L000303,2023-10-01,0,530772.3,620-679,IL,Beacon,90.0,,0.1423,false_negative,1.0,,
L000544,2023-10-01,0,388275.89,680-739,IL,Beacon,90.0,,0.3267,false_negative,1.0,,
L000551,2023-10-01,0,,680-739,WA,Beacon,69.1,,0.2611,false_negative,1.0,,
L000692,2023-10-01,0,613045.54,740+,TX,Beacon,82.0,,0.4101,false_negative,1.0,,
L000962,2023-10-01,30,94291.48,620-679,FL,Atlas,80.0,,0.0276,false_negative,1.0,,
L000299,2023-10-01,0,544877.35,620-679,TX,Cedar,90.0,,0.512,false_positive,0.0,,
L000533,2023-10-01,0,316241.79,680-739,GA,Cedar,90.0,,0.2717,false_negative,1.0,,
L000564,2023-10-01,0,471029.4,680-739,TX,Atlas,82.0,,0.1564,false_negative,1.0,,
L000539,2023-10-01,0,616222.77,680-739,NY,Atlas,90.0,,0.0534,false_negative,1.0,,
L000422,2023-10-01,0,549592.1,620-679,TX,Cedar,82.0,,0.1,false_negative,1.0,,
L000380,2023-10-01,0,194437.59,680-739,WA,Beacon,90.0,,0.22,false_negative,1.0,,
L000965,2023-10-01,0,230710.79,620-679,IL,Cedar,82.0,,0.5815,false_positive,0.0,,
L000540,2023-10-01,0,516734.74,<620,TX,Atlas,90.0,,0.1161,false_negative,1.0,,
L000887,2023-10-01,0,434323.96,680-739,TX,Beacon,90.0,,0.0886,false_negative,1.0,,
L000117,2023-10-01,0,630863.51,<620,IL,Cedar,82.0,,0.7899,false_positive,0.0,,
L000230,2023-10-01,0,226253.23,620-679,CA,Cedar,90.0,,0.0337,false_negative,1.0,,
L000935,2023-10-01,0,188131.31,740+,GA,Atlas,82.0,,0.032,false_negative,1.0,,
L001112,2023-10-01,0,558542.71,620-679,TX,Atlas,90.0,,0.0517,false_negative,1.0,,
L000451,2023-10-01,0,552606.57,620-679,IL,Atlas,90.0,,0.7204,false_positive,0.0,,
L000942,2023-10-01,0,177909.13,680-739,IL,Beacon,74.0,,0.1386,false_negative,1.0,,
L000460,2023-10-01,0,209353.69,680-739,GA,Cedar,90.0,,0.0676,false_negative,1.0,,
L000135,2023-10-01,0,611692.44,620-679,WA,Atlas,90.0,,0.0102,false_negative,1.0,,
L000488,2023-10-01,45,207042.96,680-739,CA,Cedar,78.0,,0.5936,false_positive,0.0,,
L000322,2023-10-01,0,135602.02,620-679,GA,Beacon,90.0,,0.5605,false_positive,0.0,,
L000324,2023-10-01,0,152821.4,<620,TX,Atlas,82.0,,0.2841,false_negative,1.0,,
L000182,2023-10-01,0,277835.41,620-679,GA,Atlas,90.0,,0.5323,false_positive,0.0,,
L001024,2023-10-01,0,321095.82,<620,IL,Cedar,82.0,,0.05,false_negative,1.0,,
L000515,2023-10-01,0,477908.21,740+,NY,Cedar,82.0,,0.1711,false_negative,1.0,,
L000709,2023-10-01,0,168399.39,<620,TX,Atlas,82.0,,0.0989,false_negative,1.0,,
L001137,2023-10-01,0,251982.87,740+,FL,Atlas,82.0,,0.1496,false_negative,1.0,,
L000728,2023-10-01,0,112880.42,620-679,IL,Beacon,82.0,,0.0954,false_negative,1.0,,
L000337,2023-10-01,0,499056.06,<620,IL,Beacon,72.0,,0.2477,false_negative,1.0,,
L000335,2023-10-01,0,608613.66,<620,CA,Beacon,90.0,,0.1802,false_negative,1.0,,
L000503,2023-10-01,0,138869.9,<620,FL,Cedar,90.0,,0.4646,false_negative,1.0,,
L000035,2023-10-01,0,377915.62,620-679,IL,Beacon,82.0,,0.05,false_negative,1.0,,
L000952,2023-10-01,0,604206.41,<620,GA,Beacon,72.0,,0.0669,false_negative,1.0,,
L000032,2023-10-01,30,172495.57,680-739,IL,Cedar,90.0,,0.1745,false_negative,1.0,,
L000420,2023-07-01,0,266642.01,620-679,WA,Atlas,72.0,,0.0063,false_negative,,1.0,
L000762,2023-07-01,0,523047.13,620-679,CA,Cedar,90.0,,0.4135,false_negative,,1.0,
L000447,2023-07-01,0,108186.68,680-739,WA,Cedar,90.0,,0.0087,false_negative,,1.0,
L000427,2023-07-01,0,322528.89,620-679,NY,Atlas,90.0,,0.1931,false_negative,,1.0,
L000757,2023-07-01,0,243546.07,620-679,FL,Atlas,90.0,,0.1034,false_negative,,1.0,
L000375,2023-07-01,0,308739.55,<620,GA,Atlas,90.0,,0.538,false_positive,,0.0,
L000202,2023-07-01,30,120268.9,680-739,FL,Beacon,82.0,,0.1086,false_negative,,1.0,
L000197,2023-07-01,0,312618.98,620-679,NY,Atlas,82.0,,0.7056,false_positive,,0.0,
L000207,2023-07-01,0,585803.44,620-679,NY,Beacon,82.0,,0.075,false_negative,,1.0,
L000680,2023-07-01,0,436045.08,620-679,TX,Beacon,90.0,,0.4127,false_negative,,1.0,
L000337,2023-07-01,0,504341.63,<620,IL,Beacon,72.0,,0.1169,false_negative,,1.0,
L000335,2023-07-01,0,613853.31,<620,CA,Beacon,90.0,,0.6215,false_positive,,0.0,
L000497,2023-07-01,0,155583.65,<620,FL,Beacon,90.0,,0.0689,false_negative,,1.0,
L000252,2023-07-01,0,213065.94,680-739,CA,Atlas,90.0,,0.4333,false_negative,,1.0,
L000666,2023-07-01,0,426940.38,680-739,CA,Cedar,80.0,,0.3407,false_negative,,1.0,
L000512,2023-07-01,0,626216.48,<620,IL,Beacon,82.0,,0.0207,false_negative,,1.0,
L000118,2023-07-01,0,573699.17,<620,CA,Atlas,82.0,,0.5504,false_positive,,0.0,
L000777,2023-07-01,0,492411.56,680-739,IL,Cedar,80.0,,0.0038,false_negative,,1.0,
L000937,2023-07-01,0,617266.58,<620,NY,Atlas,90.0,,0.3554,false_negative,,1.0,
L000197,2023-08-01,0,310597.56,620-679,NY,Atlas,82.0,,0.5618,false_positive,,0.0,
L000512,2023-08-01,0,623435.67,<620,IL,Beacon,82.0,,0.1162,false_negative,,1.0,
L000053,2023-08-01,0,390616.63,620-679,FL,Atlas,82.0,,0.4229,false_negative,,1.0,
L000192,2023-08-01,0,397860.24,<620,GA,Atlas,82.0,,0.0661,false_negative,,1.0,
L000118,2023-08-01,0,569624.45,<620,CA,Atlas,82.0,,0.5508,false_positive,,0.0,
L000207,2023-08-01,0,583377.4,620-679,NY,Beacon,82.0,,0.022,false_negative,,1.0,
L000851,2023-08-01,0,568094.7,620-679,TX,Atlas,90.0,,0.4643,false_negative,,1.0,
L000082,2023-08-01,0,250259.03,620-679,CA,Beacon,82.0,,0.0483,false_negative,,1.0,
L000252,2023-08-01,0,212477.92,680-739,CA,Atlas,90.0,,0.4516,false_negative,,1.0,
L000227,2023-08-01,0,218468.77,<620,IL,Atlas,82.0,,0.4651,false_negative,,1.0,
L000638,2023-08-01,45,126862.07,<620,FL,Cedar,70.0,,0.1236,false_negative,,1.0,
L000843,2023-08-01,30,265463.46,680-739,CA,Beacon,72.0,,0.4685,false_negative,,1.0,
L000666,2023-08-01,0,425712.89,680-739,CA,Cedar,80.0,,0.3714,false_negative,,1.0,
L000779,2023-08-01,0,422129.53,<620,GA,Atlas,82.0,,0.6989,false_positive,,0.0,
L000454,2023-08-01,0,343679.01,<620,CA,Atlas,82.0,,0.5813,false_positive,,0.0,
L000762,2023-08-01,0,521481.64,620-679,CA,Cedar,90.0,,0.3209,false_negative,,1.0,
L000964,2023-08-01,0,447724.04,<620,TX,Atlas,74.0,,0.0253,false_negative,,1.0,
L000447,2023-08-01,0,107885.77,680-739,WA,Cedar,90.0,,0.0194,false_negative,,1.0,
L000141,2023-08-01,30,141810.89,680-739,GA,Atlas,90.0,,0.2639,false_negative,,1.0,
L000427,2023-08-01,0,321551.15,620-679,NY,Atlas,90.0,,0.2483,false_negative,,1.0,
L000497,2023-08-01,0,155117.29,<620,FL,Beacon,90.0,,0.1346,false_negative,,1.0,
L000335,2023-08-01,0,611880.03,<620,CA,Beacon,90.0,,0.5133,false_positive,,0.0,
L000337,2023-08-01,0,502523.13,<620,IL,Beacon,72.0,,0.0827,false_negative,,1.0,
L000610,2023-09-01,0,511839.46,620-679,CA,Beacon,82.0,,0.0053,false_negative,,1.0,
L000257,2023-09-01,0,155767.18,680-739,GA,Cedar,90.0,,0.3193,false_negative,,1.0,
L000047,2023-09-01,0,199820.87,<620,NY,Beacon,90.0,,0.2616,false_negative,,1.0,
L000514,2023-09-01,0,321323.42,<620,IL,Beacon,90.0,,0.5994,false_positive,,0.0,
L000638,2023-09-01,0,126209.76,<620,FL,Cedar,82.0,,0.1017,false_negative,,1.0,
L001038,2023-09-01,0,544260.53,680-739,IL,Cedar,82.0,,0.3888,false_negative,,1.0,
L000512,2023-09-01,0,620877.2,<620,IL,Beacon,82.0,,0.1148,false_negative,,1.0,
L000427,2023-09-01,0,320843.95,620-679,NY,Atlas,90.0,,0.2512,false_negative,,1.0,
L000964,2023-09-01,0,390488.7,<620,TX,Atlas,82.0,,0.0134,false_negative,,1.0,
L000988,2023-09-01,0,523259.98,740+,CA,Cedar,82.0,,0.0857,false_negative,,1.0,
L000497,2023-09-01,0,154804.4,<620,FL,Beacon,90.0,,0.1473,false_negative,,1.0,
L001137,2023-09-01,0,252879.1,740+,FL,Atlas,82.0,,0.0162,false_negative,,1.0,
L000931,2023-09-01,0,219044.77,<620,IL,Beacon,90.0,,0.1894,false_negative,,1.0,
L000053,2023-09-01,0,388531.32,620-679,FL,Atlas,82.0,,0.4504,false_negative,,1.0,
L000337,2023-09-01,0,500906.47,<620,IL,Beacon,72.0,,0.0795,false_negative,,1.0,
L000451,2023-09-01,0,553970.52,620-679,IL,Atlas,90.0,,0.5051,false_positive,,0.0,
L000449,2023-09-01,0,316073.22,680-739,CA,Atlas,90.0,,0.021,false_negative,,1.0,
L000447,2023-09-01,0,107561.66,680-739,WA,Cedar,90.0,,0.0072,false_negative,,1.0,
L000269,2023-09-01,0,197517.06,620-679,GA,Atlas,90.0,,0.2512,false_negative,,1.0,
L001045,2023-09-01,0,143204.99,740+,TX,Beacon,82.0,,0.0053,false_negative,,1.0,
L000817,2023-09-01,30,276589.39,<620,WA,Beacon,82.0,,0.6456,false_positive,,0.0,
L000197,2023-09-01,0,309015.45,620-679,NY,Atlas,82.0,,0.5833,false_positive,,0.0,
L000105,2023-09-01,0,405568.18,680-739,NY,Cedar,82.0,,0.1768,false_negative,,1.0,
L000192,2023-09-01,0,395980.46,<620,GA,Atlas,82.0,,0.3183,false_negative,,1.0,
L000118,2023-09-01,0,566679.77,<620,CA,Atlas,82.0,,0.5588,false_positive,,0.0,
L000777,2023-09-01,0,489571.27,680-739,IL,Cedar,80.0,,0.0018,false_negative,,1.0,
L000161,2023-09-01,0,222466.16,620-679,NY,Atlas,90.0,,0.5498,false_positive,,0.0,
L000227,2023-09-01,0,217567.62,<620,IL,Atlas,82.0,,0.299,false_negative,,1.0,
L000202,2023-09-01,0,119257.01,680-739,FL,Beacon,82.0,,0.0863,false_negative,,1.0,
L000779,2023-09-01,0,419824.23,<620,GA,Atlas,82.0,,0.6879,false_positive,,0.0,
L000680,2023-09-01,0,433493.06,620-679,TX,Beacon,90.0,,0.3241,false_negative,,1.0,
L000207,2023-09-01,0,579684.97,620-679,NY,Beacon,82.0,,0.0356,false_negative,,1.0,
L000709,2023-09-01,0,169041.51,<620,TX,Atlas,82.0,,0.0258,false_negative,,1.0,
L000192,2023-10-01,0,393840.61,<620,GA,Atlas,82.0,,0.1188,false_negative,,1.0,
L000202,2023-10-01,0,118667.89,680-739,FL,Beacon,82.0,,0.1971,false_negative,,1.0,
L000695,2023-10-01,0,433544.97,620-679,IL,Atlas,90.0,,0.16,false_negative,,1.0,
L000292,2023-10-01,45,107241.86,<620,TX,Beacon,68.0,,0.0274,false_negative,,1.0,
L000962,2023-10-01,30,94291.48,620-679,FL,Atlas,80.0,,0.0151,false_negative,,1.0,
L000549,2023-10-01,0,131640.58,680-739,GA,Cedar,90.0,,0.073,false_negative,,1.0,
L000809,2023-10-01,0,238962.02,<620,CA,Atlas,90.0,,0.0536,false_negative,,1.0,
L000539,2023-10-01,0,616222.77,680-739,NY,Atlas,90.0,,0.0455,false_negative,,1.0,
L000757,2023-10-01,0,241270.29,620-679,FL,Atlas,90.0,,0.1187,false_negative,,1.0,
L000422,2023-10-01,0,549592.1,620-679,TX,Cedar,82.0,,0.4051,false_negative,,1.0,
L000306,2023-10-01,0,246055.52,620-679,FL,Atlas,90.0,,0.0353,false_negative,,1.0,
L000420,2023-10-01,0,261702.95,620-679,WA,Atlas,72.0,,0.01,false_negative,,1.0,
L000197,2023-10-01,0,307177.28,620-679,NY,Atlas,82.0,,0.6652,false_positive,,0.0,
L000451,2023-10-01,0,552606.57,620-679,IL,Atlas,90.0,,0.5347,false_positive,,0.0,
L000777,2023-10-01,0,488283.62,680-739,IL,Cedar,80.0,,0.0019,false_negative,,1.0,
L000020,2023-10-01,0,359272.86,<620,IL,Beacon,82.0,,0.1475,false_negative,,1.0,
L000779,2023-10-01,0,417634.76,<620,GA,Atlas,82.0,,0.7069,false_positive,,0.0,
L000324,2023-10-01,0,152821.4,<620,TX,Atlas,82.0,,0.4419,false_negative,,1.0,
L000709,2023-10-01,0,168399.39,<620,TX,Atlas,82.0,,0.0097,false_negative,,1.0,
L001137,2023-10-01,0,251982.87,740+,FL,Atlas,82.0,,0.0245,false_negative,,1.0,
L000337,2023-10-01,0,499056.06,<620,IL,Beacon,72.0,,0.1102,false_negative,,1.0,
L000504,2023-10-01,0,401422.18,620-679,FL,Atlas,90.0,,0.646,false_positive,,0.0,
L000497,2023-10-01,0,154383.75,<620,FL,Beacon,90.0,,0.0812,false_negative,,1.0,
L000970,2023-10-01,0,173704.11,<620,FL,Atlas,90.0,,0.1505,false_negative,,1.0,
L000817,2023-10-01,0,275360.95,<620,WA,Beacon,82.0,,0.5852,false_positive,,0.0,
L000257,2023-10-01,0,155272.92,680-739,GA,Cedar,90.0,,0.4004,false_negative,,1.0,
L000668,2023-10-01,0,312397.17,680-739,WA,Beacon,90.0,,0.0081,false_negative,,1.0,
L000105,2023-10-01,0,452101.35,680-739,NY,Cedar,74.0,,0.2359,false_negative,,1.0,
L000404,2023-10-01,0,270159.26,<620,CA,Beacon,82.0,,0.619,false_positive,,0.0,
L000269,2023-10-01,30,196933.87,620-679,GA,Atlas,90.0,,0.2413,false_negative,,1.0,
L000638,2023-10-01,0,125585.74,<620,FL,Cedar,82.0,,0.0964,false_negative,,1.0,
L000210,2023-10-01,0,-25.0,620-679,IL,Beacon,67.0,,0.0686,false_negative,,1.0,
L000228,2023-10-01,0,179346.07,680-739,CA,Cedar,90.0,,0.0044,false_negative,,1.0,
L000082,2023-10-01,30,247432.44,620-679,CA,Beacon,70.0,,0.0336,false_negative,,1.0,
L000653,2023-10-01,0,565179.03,620-679,WA,Atlas,82.0,,0.5864,false_positive,,0.0,
L000404,2023-11-01,0,268853.17,<620,CA,Beacon,82.0,,0.6249,false_positive,,0.0,
L000504,2023-11-01,0,400197.99,620-679,FL,Atlas,90.0,,0.672,false_positive,,0.0,
L000337,2023-11-01,0,515010.49,<620,IL,Beacon,74.0,,0.1171,false_negative,,1.0,
L001137,2023-11-01,0,251032.18,740+,FL,Atlas,82.0,,0.017,false_negative,,1.0,
L000227,2023-11-01,30,215807.27,<620,IL,Atlas,82.0,,0.3757,false_negative,,1.0,
L000020,2023-11-01,0,357365.78,<620,IL,Beacon,82.0,,0.1198,false_negative,,1.0,
L000638,2023-11-01,15,125015.93,<620,FL,Cedar,82.0,,0.1654,false_negative,,1.0,
L000777,2023-11-01,0,486846.88,680-739,IL,Cedar,80.0,,0.0029,false_negative,,1.0,
L000161,2023-11-01,0,221372.12,620-679,NY,Atlas,90.0,,0.544,false_positive,,0.0,
L000449,2023-11-01,30,314334.35,680-739,CA,Atlas,90.0,,0.0372,false_negative,,1.0,
L000228,2023-11-01,0,178825.07,680-739,CA,Cedar,90.0,,0.0033,false_negative,,1.0,
L000447,2023-11-01,0,106831.5,680-739,WA,Cedar,90.0,,0.0139,false_negative,,1.0,
L000739,2023-11-01,0,555973.55,620-679,IL,Beacon,90.0,,0.109,false_negative,,1.0,
L000348,2023-11-01,0,162616.43,<620,GA,Beacon,82.0,,0.0219,false_negative,,1.0,
L001079,2023-11-01,0,187243.69,680-739,WA,Atlas,72.0,,0.0265,false_negative,,1.0,
L000001,2023-11-01,0,314849.91,620-679,IL,Cedar,82.0,,0.0155,false_negative,,1.0,
L000610,2023-11-01,0,509022.82,620-679,CA,Beacon,90.0,,0.0258,false_negative,,1.0,
L000803,2023-11-01,0,190427.69,620-679,WA,Beacon,82.0,,0.0318,false_negative,,1.0,
L000549,2023-11-01,0,126581.1,680-739,GA,Cedar,82.0,,0.0511,false_negative,,1.0,
L000548,2023-11-01,0,200485.17,<620,GA,Cedar,82.0,,0.083,false_negative,,1.0,
L000539,2023-11-01,0,614208.23,680-739,NY,Atlas,90.0,,0.0814,false_negative,,1.0,
L000427,2023-11-01,0,318878.66,620-679,NY,Atlas,90.0,,0.2998,false_negative,,1.0,
L000117,2023-11-01,0,627950.07,<620,IL,Cedar,82.0,,0.5057,false_positive,,0.0,
L000762,2023-11-01,0,516807.99,620-679,CA,Cedar,90.0,,0.4069,false_negative,,1.0,
L000053,2023-11-01,0,383979.14,620-679,FL,Atlas,82.0,,0.4248,false_negative,,1.0,
L000809,2023-11-01,0,238265.57,<620,CA,Atlas,90.0,,0.0359,false_negative,,1.0,
L000680,2023-11-01,0,431029.02,620-679,TX,Beacon,90.0,,0.4205,false_negative,,1.0,
L000207,2023-11-01,0,572559.97,620-679,NY,Beacon,82.0,,0.052,false_negative,,1.0,
L000210,2023-11-01,0,284384.65,620-679,IL,Beacon,82.0,,0.0958,false_negative,,1.0,
L000292,2023-11-01,0,106920.87,<620,TX,Beacon,80.0,,0.0365,false_negative,,1.0,
L000105,2023-11-01,0,449874.16,680-739,NY,Cedar,82.0,,0.3069,false_negative,,1.0,
L000514,2023-11-01,0,319668.08,<620,IL,Beacon,90.0,,0.6041,false_positive,,0.0,
L000513,2023-11-01,0,330186.78,620-679,TX,Cedar,90.0,,0.1013,false_negative,,1.0,
L000512,2023-11-01,0,614884.21,<620,IL,Beacon,82.0,,0.1799,false_negative,,1.0,
L000257,2023-11-01,0,154891.14,680-739,GA,Cedar,90.0,,0.3219,false_negative,,1.0,
L001125,2023-11-01,0,248496.35,620-679,GA,Beacon,90.0,,0.0571,false_negative,,1.0,
L000988,2023-11-01,0,516900.39,740+,CA,Cedar,82.0,,0.0474,false_negative,,1.0,
L000118,2023-11-01,0,559731.44,<620,CA,Atlas,82.0,,0.5438,false_positive,,0.0,
L000192,2023-11-01,0,391753.62,<620,GA,Atlas,82.0,,0.128,false_negative,,1.0,
L000707,2023-11-01,0,388871.42,620-679,CA,Cedar,90.0,,0.5346,false_positive,,0.0,
L000668,2023-11-01,0,278326.66,680-739,WA,Beacon,82.0,,0.0097,false_negative,,1.0,
L000047,2023-11-01,0,198443.75,<620,NY,Beacon,90.0,,0.0632,false_negative,,1.0,
L001041,2023-11-01,0,593995.09,740+,IL,Cedar,82.0,,0.0051,false_negative,,1.0,
L000447,2023-12-01,0,106560.92,680-739,WA,Cedar,90.0,,0.0128,false_negative,,1.0,
L000757,2023-12-01,0,239991.46,620-679,FL,Atlas,90.0,,0.1304,false_negative,,1.0,
L000754,2023-12-01,0,158371.57,620-679,GA,Atlas,90.0,,0.0061,false_negative,,1.0,
L000957,2023-12-01,0,221388.98,620-679,IL,Cedar,82.0,,0.2257,false_negative,,1.0,
L000420,2023-12-01,0,258743.51,620-679,WA,Atlas,72.0,,0.0056,false_negative,,1.0,
L000970,2023-12-01,0,172789.43,<620,FL,Atlas,90.0,,0.0924,false_negative,,1.0,
L000959,2023-12-01,0,433021.45,740+,WA,Cedar,82.0,,0.0023,false_negative,,1.0,
L000777,2023-12-01,0,485682.26,680-739,IL,Cedar,80.0,,0.0044,false_negative,,1.0,
L001070,2023-12-01,0,271785.88,<620,FL,Cedar,90.0,,0.647,false_positive,,0.0,
L000404,2023-12-01,0,267522.49,<620,CA,Beacon,82.0,,0.702,false_positive,,0.0,
L000964,2023-12-01,0,425326.25,<620,TX,Atlas,74.0,,0.039,false_negative,,1.0,
L000997,2023-12-01,0,122272.77,<620,TX,Cedar,82.0,,0.1085,false_negative,,1.0,
L000668,2023-12-01,0,310708.07,680-739,WA,Beacon,82.0,,0.0093,false_negative,,1.0,
L000680,2023-12-01,30,429622.45,620-679,TX,Beacon,90.0,,0.2569,false_negative,,1.0,
L000638,2023-12-01,0,124308.66,<620,FL,Cedar,82.0,,0.1818,false_negative,,1.0,
L000610,2023-12-01,0,507611.92,620-679,CA,Beacon,90.0,,0.0083,false_negative,,1.0,
L000931,2023-12-01,0,217038.82,<620,IL,Beacon,90.0,,0.1969,false_negative,,1.0,
L000454,2023-12-01,0,337526.36,<620,CA,Atlas,82.0,,0.6248,false_positive,,0.0,
L000739,2023-12-01,0,554753.43,620-679,IL,Beacon,90.0,,0.1363,false_negative,,1.0,
L000549,2023-12-01,0,126191.81,680-739,GA,Cedar,90.0,,0.0348,false_negative,,1.0,
L000548,2023-12-01,0,199586.81,<620,GA,Cedar,82.0,,0.1409,false_negative,,1.0,
L000695,2023-12-01,0,431076.44,620-679,IL,Atlas,90.0,,0.2609,false_negative,,1.0,
L000504,2023-12-01,0,398996.56,620-679,FL,Atlas,90.0,,0.6022,false_positive,,0.0,
L000916,2023-12-01,0,154359.25,680-739,NY,Atlas,82.0,,0.5056,false_positive,,0.0,
L000709,2023-12-01,0,167122.02,<620,TX,Atlas,82.0,,0.0907,false_negative,,1.0,
L000513,2023-12-01,0,329278.76,620-679,TX,Cedar,90.0,,0.0663,false_negative,,1.0,
L000512,2023-12-01,0,701911.16,<620,IL,Beacon,58.0,,0.0437,false_negative,,1.0,
L000192,2023-12-01,0,389350.0,<620,GA,Atlas,82.0,,0.2411,false_negative,,1.0,
L000257,2023-12-01,0,171733.43,680-739,GA,Cedar,66.0,,0.3971,false_negative,,1.0,
L000105,2023-12-01,0,393208.21,680-739,NY,Cedar,66.0,,0.1078,false_negative,,1.0,
L001079,2023-12-01,0,186344.51,680-739,WA,Atlas,72.0,,0.046,false_negative,,1.0,
L000225,2023-12-01,0,150122.48,740+,TX,Beacon,74.0,,0.0299,false_negative,,1.0,
L001137,2023-12-01,0,249913.45,740+,FL,Atlas,82.0,,0.0327,false_negative,,1.0,
L000298,2023-12-01,0,305368.36,740+,TX,Beacon,90.0,,0.0023,false_negative,,1.0,
L000252,2023-12-01,0,210007.12,680-739,CA,Atlas,90.0,,0.4904,false_negative,,1.0,
L000020,2023-12-01,0,355781.8,<620,IL,Beacon,82.0,,0.3373,false_negative,,1.0,
L000197,2023-12-01,0,303105.99,620-679,NY,Atlas,82.0,,0.6456,false_positive,,0.0,
L000047,2023-12-01,0,197692.89,<620,NY,Beacon,90.0,,0.1693,false_negative,,1.0,
L000306,2023-12-01,0,244705.63,620-679,FL,Atlas,90.0,,0.0305,false_negative,,1.0,
L001125,2023-12-01,0,279720.14,620-679,GA,Beacon,82.0,,0.0179,false_negative,,1.0,
L000335,2023-12-01,0,563214.36,<620,CA,Beacon,82.0,,0.5797,false_positive,,0.0,
L000180,2023-12-01,0,155579.73,620-679,CA,Beacon,82.0,,0.2712,false_negative,,1.0,
L000082,2023-12-01,90,244514.37,620-679,CA,Beacon,82.0,,0.0427,false_negative,,1.0,
L000202,2023-12-01,0,117522.99,680-739,FL,Beacon,82.0,,0.2602,false_negative,,1.0,
L000252,2024-01-01,0,196102.34,680-739,CA,Atlas,82.0,,0.1929,false_negative,,1.0,
L000803,2024-01-01,0,188498.69,620-679,WA,Beacon,82.0,,0.0274,false_negative,,1.0,
L000202,2024-01-01,0,116978.4,680-739,FL,Beacon,82.0,,0.2934,false_negative,,1.0,
L000363,2023-07-01,0,365646.8,740+,CA,Atlas,90.0,,0.2546,false_negative,,,1.0
L000162,2023-07-01,0,228085.8,<620,CA,Beacon,90.0,,0.4329,false_negative,,,1.0
L000220,2023-07-01,0,266891.28,<620,GA,Beacon,82.0,,0.3654,false_negative,,,1.0
L000358,2023-07-01,0,575286.82,740+,IL,Atlas,90.0,,0.4682,false_negative,,,1.0
L000353,2023-07-01,0,460511.58,740+,FL,Cedar,80.0,,0.4534,false_negative,,,1.0
L000242,2023-07-01,0,215684.51,740+,TX,Cedar,82.0,,0.4408,false_negative,,,1.0
L000460,2023-07-01,0,211514.8,680-739,GA,Cedar,90.0,,0.0609,false_negative,,,1.0
L000240,2023-07-01,0,410864.09,740+,GA,Beacon,82.0,,0.2223,false_negative,,,1.0
L000383,2023-07-01,0,376295.97,680-739,NY,Beacon,90.0,,0.3267,false_negative,,,1.0
L000152,2023-07-01,0,400716.28,620-679,IL,Cedar,90.0,,0.4052,false_negative,,,1.0
L000384,2023-07-01,0,469764.54,<620,CA,Beacon,58.0,,0.4251,false_negative,,,1.0
L000149,2023-07-01,0,390814.02,740+,TX,Atlas,90.0,,0.6298,false_positive,,,0.0
L000767,2023-07-01,0,635331.66,<620,NY,Cedar,90.0,,0.3569,false_negative,,,1.0
L001104,2023-07-01,0,317604.01,<620,IL,Atlas,90.0,,0.4396,false_negative,,,1.0
L000447,2023-07-01,0,108186.68,680-739,WA,Cedar,90.0,,0.5135,false_positive,,,0.0
L000171,2023-07-01,0,294842.97,680-739,CA,Cedar,82.0,,0.4646,false_negative,,,1.0
L001022,2023-07-01,30,558837.05,620-679,IL,Atlas,82.0,,0.1252,false_negative,,,1.0
L000209,2023-07-01,0,616677.23,740+,GA,Cedar,90.0,,0.1138,false_negative,,,1.0
L001043,2023-07-01,0,569714.92,740+,IL,Beacon,82.0,,0.507,false_positive,,,0.0
L000310,2023-07-01,0,624993.73,<620,IL,Cedar,90.0,,0.349,false_negative,,,1.0
L000208,2023-07-01,0,373492.07,<620,IL,Beacon,82.0,,0.1151,false_negative,,,1.0
L000199,2023-07-01,0,540688.57,680-739,GA,Cedar,90.0,,0.5812,false_positive,,,0.0
L000273,2023-07-01,0,361523.83,740+,WA,Atlas,90.0,,0.42,false_negative,,,1.0
L000277,2023-07-01,0,212397.74,620-679,WA,Beacon,90.0,,0.018,false_negative,,,1.0
L000546,2023-07-01,0,517371.75,740+,GA,Atlas,90.0,,0.4643,false_negative,,,1.0
L000301,2023-07-01,0,153411.14,740+,IL,Atlas,90.0,,0.4731,false_negative,,,1.0
L000207,2023-07-01,0,585803.44,620-679,NY,Beacon,82.0,,0.5515,false_positive,,,0.0
L000297,2023-07-01,15,456162.98,<620,CA,Beacon,62.0,,0.0967,false_negative,,,1.0
L000295,2023-07-01,0,-25.0,620-679,NY,Cedar,59.0,,0.3466,false_negative,,,1.0
L000558,2023-07-01,0,278107.12,740+,IL,Beacon,82.0,,0.2271,false_negative,,,1.0
L000172,2023-07-01,0,419395.38,740+,TX,Atlas,82.0,,0.6963,false_positive,,,0.0
L000493,2023-07-01,0,483681.29,680-739,GA,Cedar,82.0,,0.3304,false_negative,,,1.0
L000335,2023-07-01,0,613853.31,<620,CA,Beacon,90.0,,0.2537,false_negative,,,1.0
L000608,2023-07-01,-10,475088.92,680-739,WA,Cedar,67.0,,0.5253,false_positive,,,0.0
L000216,2023-07-01,0,520107.75,620-679,NY,Atlas,82.0,,0.1203,false_negative,,,1.0
L000500,2023-07-01,0,533567.26,680-739,TX,Cedar,82.0,,0.3073,false_negative,,,1.0
L000601,2023-07-01,0,300288.68,740+,FL,Beacon,90.0,,0.4202,false_negative,,,1.0
L000953,2023-07-01,0,92662.15,740+,TX,Beacon,82.0,,0.6418,false_positive,,,0.0
L000130,2023-07-01,0,575378.39,680-739,WA,Atlas,90.0,,0.4602,false_negative,,,1.0
L000035,2023-07-01,0,382868.19,620-679,IL,Beacon,82.0,,0.0526,false_negative,,,1.0
L000950,2023-07-01,0,295516.7,740+,CA,Atlas,90.0,,0.0188,false_negative,,,1.0
L000872,2023-07-01,0,138227.27,740+,NY,Beacon,90.0,,0.6044,false_positive,,,0.0
L000055,2023-07-01,0,291130.65,680-739,GA,Beacon,82.0,,0.2003,false_negative,,,1.0
L000946,2023-07-01,0,290701.55,740+,CA,Cedar,72.0,,0.4396,false_negative,,,1.0
L000108,2023-07-01,0,253299.72,740+,FL,Cedar,90.0,,0.5376,false_positive,,,0.0
L001010,2023-07-01,0,507630.98,740+,GA,Cedar,90.0,,0.3448,false_negative,,,1.0
L000862,2023-07-01,0,542677.71,740+,IL,Cedar,90.0,,0.2955,false_negative,,,1.0
L000899,2023-07-01,0,284235.55,680-739,IL,Cedar,82.0,,0.3572,false_negative,,,1.0
L000948,2023-07-01,0,144857.64,740+,WA,Cedar,82.0,,0.4497,false_negative,,,1.0
L000947,2023-07-01,0,352102.77,740+,TX,Atlas,90.0,,0.4813,false_negative,,,1.0
L000123,2023-07-01,0,472117.79,620-679,GA,Atlas,82.0,,0.3065,false_negative,,,1.0
L000144,2023-07-01,0,377809.45,620-679,NY,Atlas,90.0,,0.2568,false_negative,,,1.0
L000891,2023-07-01,0,306730.71,620-679,WA,Cedar,82.0,,0.1642,false_negative,,,1.0
L000965,2023-07-01,15,233902.92,620-679,IL,Cedar,70.0,,0.256,false_negative,,,1.0
L000844,2023-07-01,0,144736.71,740+,CA,Cedar,82.0,,0.4638,false_negative,,,1.0
L000023,2023-07-01,45,358688.44,740+,NY,Cedar,70.0,,0.542,false_positive,,,0.0
L000885,2023-07-01,0,260817.7,740+,FL,Cedar,82.0,,0.1163,false_negative,,,1.0
L000989,2023-07-01,0,319988.36,740+,IL,Cedar,90.0,,0.4929,false_negative,,,1.0
L000055,2023-08-01,0,289796.6,680-739,GA,Beacon,82.0,,0.1842,false_negative,,,1.0
L000199,2023-08-01,0,539463.64,680-739,GA,Cedar,90.0,,0.6087,false_positive,,,0.0
L000558,2023-08-01,0,276571.06,740+,IL,Beacon,82.0,,0.1827,false_negative,,,1.0
L000691,2023-08-01,0,645341.96,680-739,GA,Atlas,90.0,,0.5169,false_positive,,,0.0
L000297,2023-08-01,0,526132.08,<620,CA,Beacon,82.0,,0.1321,false_negative,,,1.0
L000056,2023-08-01,0,331280.07,620-679,IL,Cedar,90.0,,0.0756,false_negative,,,1.0
L000521,2023-08-01,0,440816.02,740+,WA,Beacon,90.0,,0.5333,false_positive,,,0.0
L000189,2023-08-01,0,492821.06,680-739,GA,Atlas,90.0,,0.4533,false_negative,,,1.0
L000188,2023-08-01,0,353190.32,680-739,IL,Atlas,74.0,,0.1906,false_negative,,,1.0
L000320,2023-08-01,0,587655.97,740+,FL,Atlas,90.0,,0.4657,false_negative,,,1.0
L000321,2023-08-01,0,384645.28,680-739,CA,Cedar,90.0,,0.5504,false_positive,,,0.0
L000543,2023-08-01,0,292936.24,740+,CA,Beacon,82.0,,0.1579,false_negative,,,1.0
L000697,2023-08-01,0,388787.8,<620,TX,Cedar,90.0,,0.4446,false_negative,,,1.0
L000311,2023-08-01,0,407689.78,<620,NY,Beacon,82.0,,0.2908,false_negative,,,1.0
L000049,2023-08-01,0,283408.73,680-739,NY,Cedar,90.0,,0.3217,false_negative,,,1.0
L000533,2023-08-01,0,317862.98,680-739,GA,Cedar,90.0,,0.5757,false_positive,,,0.0
L001134,2023-08-01,0,481447.73,740+,NY,Beacon,82.0,,0.5238,false_positive,,,0.0
L000207,2023-08-01,0,583377.4,620-679,NY,Beacon,82.0,,0.5324,false_positive,,,0.0
L000847,2023-08-01,0,432891.07,740+,CA,Beacon,82.0,,0.4444,false_negative,,,1.0
L000624,2023-08-01,0,118028.06,740+,CA,Beacon,82.0,,0.5212,false_positive,,,0.0
L000625,2023-08-01,120,93416.36,680-739,CA,Atlas,80.6,,0.5606,false_positive,,,0.0
L000601,2023-08-01,0,299465.7,740+,FL,Beacon,90.0,,0.4166,false_negative,,,1.0
L000104,2023-08-01,0,545031.79,620-679,GA,Cedar,82.0,,0.4598,false_negative,,,1.0
L000606,2023-08-01,0,408566.13,740+,CA,Atlas,82.0,,0.5809,false_positive,,,0.0
L000854,2023-08-01,0,300488.18,740+,FL,Beacon,90.0,,0.1663,false_negative,,,1.0
L000832,2023-08-01,0,384270.95,740+,IL,Atlas,82.0,,0.6312,false_positive,,,0.0
L000647,2023-08-01,0,443460.71,740+,TX,Atlas,90.0,,0.3256,false_negative,,,1.0
L000840,2023-08-01,0,145890.94,680-739,NY,Beacon,82.0,,0.2206,false_negative,,,1.0
L000242,2023-08-01,0,214812.65,740+,TX,Cedar,82.0,,0.4504,false_negative,,,1.0
L000629,2023-08-01,0,123556.88,740+,TX,Atlas,90.0,,0.4923,false_negative,,,1.0
L000240,2023-08-01,0,408445.62,740+,GA,Beacon,82.0,,0.2449,false_negative,,,1.0
L000059,2023-08-01,0,108483.84,620-679,GA,Atlas,72.0,,0.4899,false_negative,,,1.0
L000859,2023-08-01,0,167658.55,740+,TX,Cedar,90.0,,0.7536,false_positive,,,0.0
L000577,2023-08-01,0,340740.09,680-739,IL,Atlas,82.0,,0.4332,false_negative,,,1.0
L000208,2023-08-01,0,432706.51,<620,IL,Beacon,82.0,,0.0675,false_negative,,,1.0
L000812,2023-08-01,0,325437.84,620-679,TX,Atlas,90.0,,0.5126,false_positive,,,0.0
L000062,2023-08-01,0,310432.97,740+,IL,Beacon,90.0,,0.8428,false_positive,,,0.0
L000291,2023-08-01,0,133174.79,620-679,FL,Beacon,82.0,,0.0415,false_negative,,,1.0
L000885,2023-08-01,0,284027.5,740+,FL,Cedar,82.0,,0.0555,false_negative,,,1.0
L000061,2023-08-01,0,261165.41,620-679,IL,Beacon,82.0,,0.4423,false_negative,,,1.0
L000582,2023-08-01,0,249985.12,680-739,TX,Atlas,82.0,,0.422,false_negative,,,1.0
L000861,2023-08-01,0,309756.44,680-739,TX,Atlas,74.0,,0.5341,false_positive,,,0.0
L000273,2023-08-01,0,360521.92,740+,WA,Atlas,90.0,,0.4433,false_negative,,,1.0
L000870,2023-08-01,0,101979.11,620-679,WA,Cedar,82.0,,0.6246,false_positive,,,0.0
L000511,2023-08-01,0,80935.63,740+,WA,Cedar,80.0,,0.4609,false_negative,,,1.0
L000356,2023-08-01,0,263228.52,620-679,GA,Cedar,74.0,,0.3209,false_negative,,,1.0
L000357,2023-08-01,0,525843.56,740+,FL,Beacon,90.0,,0.5037,false_positive,,,0.0
L000455,2023-08-01,0,342001.49,740+,NY,Beacon,82.0,,0.1149,false_negative,,,1.0
L000363,2023-08-01,0,364696.24,740+,CA,Atlas,90.0,,0.419,false_negative,,,1.0
L000453,2023-08-01,0,304497.92,680-739,WA,Beacon,90.0,,0.506,false_positive,,,0.0
L000162,2023-08-01,0,227349.51,<620,CA,Beacon,90.0,,0.1336,false_negative,,,1.0
L000746,2023-08-01,0,596058.38,620-679,NY,Atlas,82.0,,0.4747,false_negative,,,1.0
L000488,2023-08-01,0,208229.72,680-739,CA,Cedar,90.0,,0.4444,false_negative,,,1.0
L000483,2023-08-01,0,252877.85,740+,NY,Atlas,90.0,,0.0996,false_negative,,,1.0
L000171,2023-08-01,0,293104.66,680-739,CA,Cedar,82.0,,0.4383,false_negative,,,1.0
L000350,2023-08-01,0,416069.17,680-739,TX,Cedar,82.0,,0.5496,false_positive,,,0.0
L001021,2023-08-01,0,185413.72,620-679,IL,Beacon,90.0,,0.4247,false_negative,,,1.0
L000023,2023-08-01,0,397141.4,740+,NY,Cedar,58.0,,0.6569,false_positive,,,0.0
L000416,2023-08-01,0,224820.98,740+,GA,Beacon,82.0,,0.5702,false_positive,,,0.0
L000006,2023-08-01,30,592373.71,<620,NY,Atlas,90.0,,0.3926,false_negative,,,1.0
L000412,2023-08-01,0,113554.37,680-739,GA,Cedar,90.0,,0.332,false_negative,,,1.0
L000149,2023-08-01,0,389684.1,740+,TX,Atlas,90.0,,0.6882,false_positive,,,0.0
L000144,2023-08-01,0,376553.18,620-679,NY,Atlas,90.0,,0.3525,false_negative,,,1.0
L000767,2023-08-01,0,633136.42,<620,NY,Cedar,90.0,,0.2687,false_negative,,,1.0
L000396,2023-08-01,0,275489.76,740+,GA,Beacon,82.0,,0.3538,false_negative,,,1.0
L000419,2023-08-01,0,81666.22,740+,IL,Atlas,82.0,,0.1992,false_negative,,,1.0
L000381,2023-08-01,0,246021.13,<620,CA,Cedar,82.0,,0.2692,false_negative,,,1.0
L000447,2023-08-01,0,107885.77,680-739,WA,Cedar,90.0,,0.539,false_positive,,,0.0
L000950,2023-08-01,0,294600.91,740+,CA,Atlas,90.0,,0.028,false_negative,,,1.0
L000776,2023-08-01,0,375296.38,680-739,FL,Beacon,90.0,,0.4377,false_negative,,,1.0
L000009,2023-08-01,0,626476.57,620-679,WA,Beacon,90.0,,0.4657,false_negative,,,1.0
L000030,2023-08-01,0,472301.23,680-739,WA,Cedar,82.0,,0.4797,false_negative,,,1.0
L001023,2023-08-01,0,123129.95,680-739,FL,Beacon,90.0,,0.0799,false_negative,,,1.0
L000335,2023-08-01,0,611880.03,<620,CA,Beacon,90.0,,0.2986,false_negative,,,1.0
L000501,2023-08-01,0,409780.97,740+,WA,Atlas,82.0,,0.6529,false_positive,,,0.0
L000182,2023-08-01,0,279544.49,620-679,GA,Atlas,90.0,,0.1878,false_negative,,,1.0
L000123,2023-08-01,0,469345.57,620-679,GA,Atlas,82.0,,0.2648,false_negative,,,1.0
L000854,2023-09-01,0,299748.58,740+,FL,Beacon,90.0,,0.1214,false_negative,,,1.0
L000608,2023-09-01,0,469577.6,680-739,WA,Cedar,82.0,,0.6432,false_positive,,,0.0
L000606,2023-09-01,0,406248.29,740+,CA,Atlas,82.0,,0.5733,false_positive,,,0.0
L000511,2023-09-01,0,80659.62,740+,WA,Cedar,80.0,,0.465,false_negative,,,1.0
L000612,2023-09-01,0,602342.13,<620,WA,Atlas,82.0,,0.1049,false_negative,,,1.0
L000953,2023-09-01,0,91629.65,740+,TX,Beacon,82.0,,0.7974,false_positive,,,0.0
L000862,2023-09-01,0,540076.25,740+,IL,Cedar,90.0,,0.1081,false_negative,,,1.0
L000950,2023-09-01,0,293536.67,740+,CA,Atlas,90.0,,0.0608,false_negative,,,1.0
L000442,2023-09-01,0,277391.09,680-739,TX,Cedar,82.0,,0.3579,false_negative,,,1.0
L000907,2023-09-01,0,525146.75,680-739,CA,Beacon,90.0,,0.3864,false_negative,,,1.0
L000859,2023-09-01,0,167198.1,740+,TX,Cedar,90.0,,0.697,false_positive,,,0.0
L000396,2023-09-01,30,274655.53,740+,GA,Beacon,82.0,,0.1504,false_negative,,,1.0
L000857,2023-09-01,0,163998.61,740+,GA,Atlas,90.0,,0.2133,false_negative,,,1.0
L000976,2023-09-01,0,300120.92,680-739,IL,Cedar,82.0,,0.0896,false_negative,,,1.0
L000239,2023-09-01,0,346826.01,680-739,NY,Cedar,90.0,,0.2153,false_negative,,,1.0
L000006,2023-09-01,60,590684.81,<620,NY,Atlas,90.0,,0.3202,false_negative,,,1.0
L000845,2023-09-01,0,385063.27,680-739,WA,Beacon,90.0,,0.3869,false_negative,,,1.0
L000634,2023-09-01,0,83210.55,740+,WA,Cedar,82.0,,0.4357,false_negative,,,1.0
L000323,2023-09-01,0,188172.85,680-739,WA,Cedar,90.0,,0.1191,false_negative,,,1.0
L000043,2023-09-01,30,396598.33,680-739,CA,Cedar,90.0,,0.4304,false_negative,,,1.0
L000981,2023-09-01,0,331243.78,680-739,CA,Cedar,90.0,,0.521,false_positive,,,0.0
L000037,2023-09-01,0,250090.72,620-679,TX,Beacon,82.0,,0.4851,false_negative,,,1.0
L000426,2023-09-01,0,82711.24,740+,TX,Cedar,90.0,,0.5487,false_positive,,,0.0
L000989,2023-09-01,0,318241.73,740+,IL,Cedar,90.0,,0.3074,false_negative,,,1.0
L000625,2023-09-01,120,93416.36,680-739,CA,Atlas,88.6,,0.6199,false_positive,,,0.0
L000624,2023-09-01,0,117352.94,740+,CA,Beacon,82.0,,0.5811,false_positive,,,0.0
L000007,2023-09-01,0,139390.79,620-679,GA,Beacon,90.0,,0.0765,false_negative,,,1.0
L000886,2023-09-01,0,645111.46,<620,CA,Cedar,90.0,,0.2411,false_negative,,,1.0
L000335,2023-09-01,0,610253.82,<620,CA,Beacon,90.0,,0.2248,false_negative,,,1.0
L000291,2023-09-01,0,132734.37,620-679,FL,Beacon,82.0,,0.0274,false_negative,,,1.0
L000350,2023-09-01,0,414393.91,680-739,TX,Cedar,82.0,,0.7046,false_positive,,,0.0
L000336,2023-09-01,0,304983.34,680-739,WA,Atlas,90.0,,0.3369,false_negative,,,1.0
L000062,2023-09-01,0,309349.49,740+,IL,Beacon,90.0,,0.7944,false_positive,,,0.0
L000535,2023-09-01,0,537667.42,<620,GA,Beacon,90.0,,0.2847,false_negative,,,1.0
L000060,2023-09-01,0,132019.34,740+,FL,Cedar,90.0,,0.3939,false_negative,,,1.0
L000885,2023-09-01,0,283415.54,740+,FL,Cedar,90.0,,0.0577,false_negative,,,1.0
L000352,2023-09-01,0,593472.13,740+,WA,Atlas,82.0,,0.6182,false_positive,,,0.0
L000484,2023-09-01,0,641676.59,740+,WA,Beacon,90.0,,0.2636,false_negative,,,1.0
L000297,2023-09-01,0,524761.88,<620,CA,Beacon,90.0,,0.2066,false_negative,,,1.0
L000056,2023-09-01,30,330140.93,620-679,IL,Cedar,78.0,,0.1027,false_negative,,,1.0
L000055,2023-09-01,0,288723.08,680-739,GA,Beacon,82.0,,0.1712,false_negative,,,1.0
L001085,2023-09-01,0,577047.23,740+,CA,Beacon,90.0,,0.427,false_negative,,,1.0
L000546,2023-09-01,0,514123.95,740+,GA,Atlas,90.0,,0.4958,false_negative,,,1.0
L000488,2023-09-01,15,207689.91,680-739,CA,Cedar,78.0,,0.368,false_negative,,,1.0
L000302,2023-09-01,0,267952.38,620-679,TX,Cedar,90.0,,0.0512,false_negative,,,1.0
L000341,2023-09-01,0,578119.95,620-679,NY,Atlas,82.0,,0.1399,false_negative,,,1.0
L000891,2023-09-01,0,304008.23,620-679,WA,Cedar,82.0,,0.3544,false_negative,,,1.0
L000575,2023-09-01,0,529404.74,740+,NY,Cedar,80.0,,0.5262,false_positive,,,0.0
L000311,2023-09-01,0,462571.46,<620,NY,Beacon,82.0,,0.3548,false_negative,,,1.0
L001130,2023-09-01,0,583942.63,740+,CA,Atlas,90.0,,0.3762,false_negative,,,1.0
L000906,2023-09-01,45,663817.12,620-679,TX,Cedar,62.0,,0.3874,false_negative,,,1.0
L000502,2023-09-01,0,535013.49,<620,TX,Cedar,82.0,,0.4114,false_negative,,,1.0
L000273,2023-09-01,0,359645.26,740+,WA,Atlas,90.0,,0.3582,false_negative,,,1.0
L000870,2023-09-01,0,101596.26,620-679,WA,Cedar,74.0,,0.6949,false_positive,,,0.0
L000363,2023-09-01,0,363697.29,740+,CA,Atlas,90.0,,0.1678,false_negative,,,1.0
L000447,2023-09-01,0,107561.66,680-739,WA,Cedar,90.0,,0.5457,false_positive,,,0.0
L000310,2023-09-01,0,620939.65,<620,IL,Cedar,90.0,,0.1247,false_negative,,,1.0
L000358,2023-09-01,0,571488.77,740+,IL,Atlas,90.0,,0.4912,false_negative,,,1.0
L000577,2023-09-01,0,339289.45,680-739,IL,Atlas,82.0,,0.4729,false_negative,,,1.0
L000064,2023-09-01,0,131472.32,740+,GA,Atlas,90.0,,0.3849,false_negative,,,1.0
L000460,2023-09-01,0,210076.24,680-739,GA,Cedar,90.0,,0.0278,false_negative,,,1.0
L000530,2023-09-01,0,184986.98,740+,IL,Beacon,90.0,,0.3365,false_negative,,,1.0
L000459,2023-09-01,0,608781.54,740+,FL,Cedar,90.0,,0.147,false_negative,,,1.0
L001023,2023-09-01,0,139548.65,680-739,FL,Beacon,66.0,,0.1515,false_negative,,,1.0
L001010,2023-09-01,0,505114.96,740+,GA,Cedar,90.0,,0.123,false_negative,,,1.0
L000465,2023-07-01,0,145262.74,740+,GA,Beacon,82.0,,0.2496,false_negative,,,
L000475,2023-07-01,0,225546.94,740+,NY,Beacon,80.0,,0.4049,false_negative,,,
L000162,2023-07-01,0,228085.8,<620,CA,Beacon,90.0,,0.2645,false_negative,,,
L000353,2023-07-01,0,460511.58,740+,FL,Cedar,80.0,,0.1131,false_negative,,,
L000168,2023-07-01,0,631235.1,620-679,NY,Beacon,82.0,,0.311,false_negative,,,
L000461,2023-07-01,0,118572.4,<620,NY,Atlas,90.0,,0.4072,false_negative,,,
L000618,2023-07-01,0,350671.47,<620,IL,Atlas,90.0,,0.155,false_negative,,,
L000366,2023-07-01,0,303214.16,<620,GA,Cedar,80.0,,0.2038,false_negative,,,
L000420,2023-07-01,0,266642.01,620-679,WA,Atlas,72.0,,0.1378,false_negative,,,
L000416,2023-07-01,0,225769.43,740+,GA,Beacon,82.0,,0.6329,false_positive,,,
L000650,2023-07-01,0,,<620,CA,Beacon,86.6,,0.0559,false_negative,,,
L000221,2023-07-01,0,605493.19,680-739,WA,Atlas,90.0,,0.3693,false_negative,,,
L000446,2023-07-01,0,464026.3,740+,TX,Cedar,90.0,,0.087,false_negative,,,
L001065,2023-07-01,0,487385.64,620-679,IL,Cedar,82.0,,0.4202,false_negative,,,
L000428,2023-07-01,60,401073.47,740+,TX,Atlas,82.0,,0.5077,false_positive,,,
L000378,2023-07-01,0,95720.66,620-679,IL,Beacon,82.0,,0.7742,false_positive,,,
L000191,2023-07-01,0,395402.64,680-739,NY,Beacon,90.0,,0.0679,false_negative,,,
L000703,2023-07-01,0,241194.72,740+,CA,Beacon,90.0,,0.1762,false_negative,,,
L000529,2023-07-01,0,388345.3,680-739,WA,Beacon,90.0,,0.3111,false_negative,,,
L000713,2023-07-01,0,235013.03,620-679,FL,Beacon,80.0,,0.1778,false_negative,,,
L000315,2023-07-01,0,388027.44,680-739,IL,Atlas,90.0,,0.278,false_negative,,,
L000526,2023-07-01,0,637638.0,680-739,CA,Cedar,59.5,,0.362,false_negative,,,
L000273,2023-07-01,0,361523.83,740+,WA,Atlas,90.0,,0.5225,false_positive,,,
L000290,2023-07-01,0,307370.3,620-679,CA,Atlas,90.0,,0.1875,false_negative,,,
L000295,2023-07-01,0,-25.0,620-679,NY,Cedar,59.0,,0.3952,false_negative,,,
L000172,2023-07-01,0,419395.38,740+,TX,Atlas,82.0,,0.0207,false_negative,,,
L000337,2023-07-01,0,504341.63,<620,IL,Beacon,72.0,,0.1108,false_negative,,,
L000334,2023-07-01,60,530814.56,680-739,TX,Atlas,80.0,,0.0505,false_negative,,,
L000478,2023-07-01,0,,620-679,NY,Beacon,87.1,,0.0641,false_negative,,,
L000345,2023-07-01,0,348246.96,680-739,GA,Atlas,80.0,,0.0905,false_negative,,,
L000666,2023-07-01,0,426940.38,680-739,CA,Cedar,80.0,,0.3007,false_negative,,,
L000511,2023-07-01,0,81188.02,740+,WA,Cedar,80.0,,0.4828,false_negative,,,
L000720,2023-07-01,0,461232.91,680-739,FL,Beacon,82.0,,0.035,false_negative,,,
L000506,2023-07-01,0,609750.21,<620,NY,Beacon,90.0,,0.3304,false_negative,,,
L000813,2023-07-01,0,344278.36,620-679,GA,Atlas,80.0,,0.4704,false_negative,,,
L000960,2023-07-01,0,130267.47,<620,WA,Beacon,82.0,,0.2064,false_negative,,,
L000924,2023-07-01,0,131161.96,740+,CA,Atlas,82.0,,0.0944,false_negative,,,
L000781,2023-07-01,0,501007.97,740+,FL,Cedar,90.0,,0.2263,false_negative,,,
L000777,2023-07-01,0,492411.56,680-739,IL,Cedar,80.0,,0.0644,false_negative,,,
L000999,2023-07-01,0,297177.2,<620,TX,Beacon,82.0,,0.415,false_negative,,,
L000831,2023-07-01,0,532982.0,<620,WA,Beacon,59.5,,0.3897,false_negative,,,
L000887,2023-07-01,0,438499.94,680-739,TX,Beacon,90.0,,0.3704,false_negative,,,
L000968,2023-07-01,0,414001.87,740+,FL,Cedar,82.0,,0.0388,false_negative,,,
L001009,2023-07-01,0,167044.75,<620,CA,Cedar,90.0,,0.2899,false_negative,,,
L000810,2023-07-01,0,643899.65,620-679,IL,Atlas,90.0,,0.2153,false_negative,,,
L000551,2023-08-01,0,340425.16,680-739,WA,Beacon,82.0,,0.3366,false_negative,,,
L001009,2023-08-01,0,166526.09,<620,CA,Cedar,80.0,,0.3018,false_negative,,,
L000058,2023-08-01,0,103978.72,680-739,FL,Atlas,82.0,,0.5883,false_positive,,,
L000114,2023-08-01,30,381456.8,740+,CA,Cedar,90.0,,0.3565,false_negative,,,
L000521,2023-08-01,0,440816.02,740+,WA,Beacon,90.0,,0.0703,false_negative,,,
L000708,2023-08-01,0,439250.5,680-739,WA,Atlas,90.0,,0.0716,false_negative,,,
L000315,2023-08-01,0,386846.16,680-739,IL,Atlas,90.0,,0.4052,false_negative,,,
L000526,2023-08-01,0,637638.0,680-739,CA,Cedar,59.5,,0.3678,false_negative,,,
L000713,2023-08-01,45,234259.54,620-679,FL,Beacon,68.0,,0.1661,false_negative,,,
L000191,2023-08-01,0,394185.42,680-739,NY,Beacon,90.0,,0.0432,false_negative,,,
L000527,2023-08-01,0,437060.49,740+,IL,Cedar,82.0,,0.1832,false_negative,,,
L000901,2023-08-01,0,94269.37,740+,CA,Atlas,90.0,,0.6022,false_positive,,,
L000699,2023-08-01,0,335467.51,740+,FL,Beacon,64.0,,0.5867,false_positive,,,
L000825,2023-08-01,0,373847.78,740+,IL,Atlas,90.0,,0.246,false_negative,,,
L000619,2023-08-01,0,422191.57,<620,CA,Beacon,82.0,,0.1447,false_negative,,,
L001105,2023-08-01,0,513781.29,680-739,TX,Beacon,90.0,,0.1859,false_negative,,,
L000102,2023-08-01,0,303348.68,<620,CA,Beacon,90.0,,0.4417,false_negative,,,
L000093,2023-08-01,0,112024.91,680-739,IL,Cedar,90.0,,0.4783,false_negative,,,
L001005,2023-08-01,0,114923.74,740+,FL,Beacon,67.5,,0.4447,false_negative,,,
L000281,2023-08-01,0,363508.76,680-739,FL,Atlas,82.0,,0.3496,false_negative,,,
L000280,2023-08-01,0,211064.65,680-739,FL,Beacon,90.0,,0.0223,false_negative,,,
L000878,2023-08-01,0,,620-679,WA,Cedar,86.6,,0.3623,false_negative,,,
L000288,2023-08-01,0,251092.23,620-679,TX,Atlas,90.0,,0.0065,false_negative,,,
L000286,2023-08-01,0,412574.31,<620,WA,Cedar,90.0,,0.2968,false_negative,,,
L001131,2023-08-01,0,535056.74,680-739,CA,Atlas,90.0,,0.0654,false_negative,,,
L000666,2023-08-01,0,425712.89,680-739,CA,Cedar,80.0,,0.3327,false_negative,,,
L000860,2023-08-01,0,121704.98,740+,GA,Beacon,82.0,,0.2342,false_negative,,,
L000273,2023-08-01,0,360521.92,740+,WA,Atlas,90.0,,0.5385,false_positive,,,
L000870,2023-08-01,0,101979.11,620-679,WA,Cedar,82.0,,0.2412,false_negative,,,
L000511,2023-08-01,0,80935.63,740+,WA,Cedar,80.0,,0.4652,false_negative,,,
L000168,2023-08-01,0,628654.22,620-679,NY,Beacon,72.0,,0.3393,false_negative,,,
L000465,2023-08-01,0,144819.32,740+,GA,Beacon,82.0,,0.2644,false_negative,,,
L000781,2023-08-01,0,499702.23,740+,FL,Cedar,90.0,,0.2157,false_negative,,,
L000946,2023-08-01,0,289657.76,740+,CA,Cedar,72.0,,0.6677,false_positive,,,
L000453,2023-08-01,0,304497.92,680-739,WA,Beacon,90.0,,0.2087,false_negative,,,
L000486,2023-08-01,0,522595.18,620-679,IL,Cedar,72.0,,0.281,false_negative,,,
L000785,2023-08-01,0,456331.5,680-739,NY,Beacon,90.0,,0.2412,false_negative,,,
L000345,2023-08-01,0,347341.97,680-739,GA,Atlas,80.0,,0.1103,false_negative,,,
L000478,2023-08-01,-10,329438.58,620-679,NY,Beacon,75.0,,0.1912,false_negative,,,
L000026,2023-08-01,0,425483.03,680-739,WA,Atlas,82.0,,0.1073,false_negative,,,
L001138,2023-08-01,0,96511.69,620-679,GA,Atlas,90.0,,0.3162,false_negative,,,
L000133,2023-08-01,0,460304.68,<620,CA,Beacon,90.0,,0.051,false_negative,,,
L001065,2023-08-01,0,485309.1,620-679,IL,Cedar,82.0,,0.3669,false_negative,,,
L000980,2023-08-01,0,247860.51,<620,IL,Beacon,72.0,,0.7622,false_positive,,,
L000767,2023-08-01,0,633136.42,<620,NY,Cedar,90.0,,0.3285,false_negative,,,
L000399,2023-08-01,0,169890.15,620-679,IL,Atlas,90.0,,0.1572,false_negative,,,
L000419,2023-08-01,0,81666.22,740+,IL,Atlas,82.0,,0.2378,false_negative,,,
L000444,2023-08-01,0,160542.97,<620,CA,Atlas,80.0,,0.3455,false_negative,,,
L000952,2023-08-01,0,607985.36,<620,GA,Beacon,72.0,,0.2522,false_negative,,,
L000009,2023-08-01,0,626476.57,620-679,WA,Beacon,90.0,,0.3608,false_negative,,,
L000720,2023-08-01,45,458519.54,680-739,FL,Beacon,70.0,,0.1495,false_negative,,,
L000337,2023-08-01,0,502523.13,<620,IL,Beacon,72.0,,0.3564,false_negative,,,
L000011,2023-09-01,0,243084.28,740+,IL,Atlas,90.0,,0.0494,false_negative,,,
L000506,2023-09-01,0,605502.45,<620,NY,Beacon,90.0,,0.4388,false_negative,,,
L000428,2023-09-01,0,397131.73,740+,TX,Atlas,82.0,,0.3828,false_negative,,,
L000315,2023-09-01,0,385487.73,680-739,IL,Atlas,80.0,,0.3733,false_negative,,,
L000511,2023-09-01,0,80659.62,740+,WA,Cedar,80.0,,0.3795,false_negative,,,
L000378,2023-09-01,0,94811.6,620-679,IL,Beacon,82.0,,0.431,false_negative,,,
L000399,2023-09-01,0,169454.27,620-679,IL,Atlas,90.0,,0.1344,false_negative,,,
L000860,2023-09-01,0,121065.61,740+,GA,Beacon,82.0,,0.3519,false_negative,,,
L000843,2023-09-01,120,265463.46,680-739,CA,Beacon,70.6,,0.4966,false_negative,,,
L000323,2023-09-01,0,188172.85,680-739,WA,Cedar,90.0,,0.0394,false_negative,,,
L000918,2023-09-01,0,205968.97,740+,CA,Beacon,80.0,,0.263,false_negative,,,
L000391,2023-09-01,0,527341.87,680-739,GA,Cedar,90.0,,0.0668,false_negative,,,
L001054,2023-09-01,0,369307.07,620-679,FL,Beacon,90.0,,0.1044,false_negative,,,
L000380,2023-09-01,0,194947.55,680-739,WA,Beacon,90.0,,0.0957,false_negative,,,
L000416,2023-09-01,0,223921.81,740+,GA,Beacon,82.0,,0.5721,false_positive,,,
L000619,2023-09-01,0,420163.46,<620,CA,Beacon,82.0,,0.0631,false_negative,,,
L000395,2023-09-01,0,628349.75,620-679,WA,Cedar,90.0,,0.581,false_positive,,,
L000009,2023-09-01,0,624556.21,620-679,WA,Beacon,90.0,,0.2544,false_negative,,,
L000444,2023-09-01,0,160051.64,<620,CA,Atlas,80.0,,0.2989,false_negative,,,
L000419,2023-09-01,0,81666.22,740+,IL,Atlas,59.5,,0.286,false_negative,,,
L000059,2023-09-01,0,108122.76,620-679,GA,Atlas,72.0,,0.6074,false_positive,,,
L000475,2023-09-01,0,224413.68,740+,NY,Beacon,80.0,,0.4382,false_negative,,,
L000470,2023-09-01,0,197497.44,680-739,GA,Atlas,82.0,,0.4123,false_negative,,,
L000465,2023-09-01,0,144142.74,740+,GA,Beacon,82.0,,0.2455,false_negative,,,
L000938,2023-09-01,0,267548.64,<620,IL,Beacon,72.0,,0.6042,false_positive,,,
L000023,2023-09-01,30,354981.15,740+,NY,Cedar,62.0,,0.3545,false_negative,,,
L000304,2023-09-01,0,617126.54,<620,GA,Atlas,90.0,,0.2987,false_negative,,,
L000891,2023-09-01,0,304008.23,620-679,WA,Cedar,82.0,,0.5591,false_positive,,,
L000337,2023-09-01,0,500906.47,<620,IL,Beacon,72.0,,0.123,false_negative,,,
L000575,2023-09-01,0,529404.74,740+,NY,Cedar,80.0,,0.0386,false_negative,,,
L000311,2023-09-01,0,462571.46,<620,NY,Beacon,82.0,,0.4252,false_negative,,,
L000273,2023-09-01,0,359645.26,740+,WA,Atlas,90.0,,0.5244,false_positive,,,
L000870,2023-09-01,0,101596.26,620-679,WA,Cedar,74.0,,0.4185,false_negative,,,
L000363,2023-09-01,0,363697.29,740+,CA,Atlas,90.0,,0.0902,false_negative,,,
L000527,2023-09-01,0,435302.52,740+,IL,Cedar,82.0,,0.0873,false_negative,,,
L000589,2023-09-01,30,505251.58,740+,NY,Cedar,72.0,,0.0438,false_negative,,,
L000576,2023-09-01,0,314225.41,620-679,IL,Cedar,90.0,,0.1555,false_negative,,,
L000871,2023-09-01,0,-25.0,<620,CA,Cedar,51.0,,0.4878,false_negative,,,
L000065,2023-09-01,0,213128.12,740+,FL,Beacon,90.0,,0.148,false_negative,,,
L000360,2023-09-01,0,373331.38,680-739,WA,Cedar,90.0,,0.1711,false_negative,,,
L000459,2023-09-01,0,608781.54,740+,FL,Cedar,90.0,,0.0624,false_negative,,,
L000279,2023-09-01,0,195138.0,740+,CA,Cedar,67.5,,0.2908,false_negative,,,
L000583,2023-09-01,0,,620-679,FL,Atlas,86.6,,0.0808,false_negative,,,
L000366,2023-09-01,0,301633.37,<620,GA,Cedar,80.0,,0.375,false_negative,,,
L000803,2023-09-01,0,191907.07,620-679,WA,Beacon,82.0,,0.4276,false_negative,,,
L000728,2023-09-01,0,113488.5,620-679,IL,Beacon,82.0,,0.4975,false_negative,,,
L000825,2023-09-01,0,373007.03,740+,IL,Atlas,90.0,,0.1849,false_negative,,,
L000826,2023-09-01,0,439026.92,620-679,CA,Beacon,90.0,,0.3709,false_negative,,,
L000117,2023-09-01,0,633842.09,<620,IL,Cedar,82.0,,0.574,false_positive,,,
L000186,2023-09-01,0,286900.86,620-679,FL,Cedar,90.0,,0.2003,false_negative,,,
L001105,2023-09-01,0,512469.6,680-739,TX,Beacon,90.0,,0.2517,false_negative,,,
L001111,2023-09-01,0,127150.37,740+,IL,Beacon,80.0,,0.4185,false_negative,,,
L000777,2023-09-01,0,489571.27,680-739,IL,Cedar,80.0,,0.0294,false_negative,,,
L001005,2023-09-01,0,114923.74,740+,FL,Beacon,67.5,,0.4981,false_negative,,,
L000781,2023-09-01,0,498086.61,740+,FL,Cedar,90.0,,0.1799,false_negative,,,
L000813,2023-09-01,0,342457.06,620-679,GA,Atlas,80.0,,0.3857,false_negative,,,
L000136,2023-09-01,0,262721.71,740+,CA,Cedar,90.0,,0.3503,false_negative,,,
L000168,2023-09-01,0,626404.87,620-679,NY,Beacon,82.0,,0.2862,false_negative,,,
L000133,2023-09-01,0,459047.2,<620,CA,Beacon,90.0,,0.1502,false_negative,,,
L000738,2023-09-01,0,333356.56,680-739,WA,Atlas,82.0,,0.6549,false_positive,,,
L000767,2023-09-01,0,631074.92,<620,NY,Cedar,90.0,,0.384,false_negative,,,
L000960,2023-10-01,0,127964.94,<620,WA,Beacon,82.0,,0.5152,false_positive,,,
L000419,2023-10-01,0,81666.22,740+,IL,Atlas,59.5,,0.2978,false_negative,,,
L000527,2023-10-01,0,432336.24,740+,IL,Cedar,82.0,,0.1107,false_negative,,,
L000799,2023-10-01,0,355360.11,680-739,NY,Atlas,90.0,,0.0591,false_negative,,,
L001009,2023-10-01,0,165434.15,<620,CA,Cedar,80.0,,0.3325,false_negative,,,
L000526,2023-10-01,0,612551.52,680-739,CA,Cedar,51.5,,0.3121,false_negative,,,
L000704,2023-10-01,0,168203.23,<620,GA,Beacon,80.0,,0.5177,false_positive,,,
L000302,2023-10-01,0,267382.78,620-679,TX,Cedar,90.0,,0.2349,false_negative,,,
L000303,2023-10-01,0,530772.3,620-679,IL,Beacon,90.0,,0.3684,false_negative,,,
L000544,2023-10-01,0,388275.89,680-739,IL,Beacon,90.0,,0.3213,false_negative,,,
L000290,2023-10-01,0,304562.94,620-679,CA,Atlas,90.0,,0.0879,false_negative,,,
L000292,2023-10-01,45,107241.86,<620,TX,Beacon,68.0,,0.1736,false_negative,,,
L000808,2023-10-01,0,530000.07,680-739,NY,Cedar,90.0,,0.2653,false_negative,,,
L000994,2023-10-01,120,558048.21,620-679,IL,Cedar,80.6,,0.3451,false_negative,,,
L000962,2023-10-01,30,94291.48,620-679,FL,Atlas,80.0,,0.3642,false_negative,,,
L000549,2023-10-01,0,131640.58,680-739,GA,Cedar,90.0,,0.0939,false_negative,,,
L000757,2023-10-01,0,241270.29,620-679,FL,Atlas,90.0,,0.4645,false_negative,,,
L000286,2023-10-01,0,410063.84,<620,WA,Cedar,90.0,,0.1953,false_negative,,,
L000380,2023-10-01,0,194437.59,680-739,WA,Beacon,90.0,,0.0952,false_negative,,,
L000965,2023-10-01,0,230710.79,620-679,IL,Cedar,82.0,,0.3123,false_negative,,,
L000810,2023-10-01,0,638486.43,620-679,IL,Atlas,80.0,,0.2364,false_negative,,,
L000802,2023-10-01,0,157368.3,680-739,GA,Beacon,82.0,,0.6457,false_positive,,,
L000117,2023-10-01,0,630863.51,<620,IL,Cedar,82.0,,0.5236,false_positive,,,
L000937,2023-10-01,0,612085.69,<620,NY,Atlas,90.0,,0.0815,false_negative,,,
L001119,2023-10-01,0,608208.7,680-739,GA,Cedar,90.0,,0.26,false_negative,,,
L000353,2023-10-01,0,458085.07,740+,FL,Cedar,77.5,,0.0792,false_negative,,,
L000478,2023-10-01,0,327490.5,620-679,NY,Beacon,80.0,,0.0366,false_negative,,,
L000172,2023-10-01,0,413459.15,740+,TX,Atlas,82.0,,0.2727,false_negative,,,
L000465,2023-10-01,0,143578.03,740+,GA,Beacon,82.0,,0.303,false_negative,,,
L000944,2023-10-01,0,-25.0,740+,IL,Cedar,59.0,,0.2723,false_negative,,,
L000163,2023-10-01,0,510663.47,740+,NY,Beacon,82.0,,0.1497,false_negative,,,
L001065,2023-10-01,0,481282.26,620-679,IL,Cedar,82.0,,0.4893,false_negative,,,
L000366,2023-10-01,0,300806.04,<620,GA,Cedar,80.0,,0.1476,false_negative,,,
L000016,2023-10-01,0,178206.55,740+,GA,Beacon,77.5,,0.073,false_negative,,,
L000777,2023-10-01,0,488283.62,680-739,IL,Cedar,80.0,,0.0397,false_negative,,,
L000137,2023-10-01,0,138003.98,740+,GA,Atlas,82.0,,0.143,false_negative,,,
L000135,2023-10-01,0,611692.44,620-679,WA,Atlas,90.0,,0.2746,false_negative,,,
L000918,2023-10-01,0,205485.22,740+,CA,Beacon,80.0,,0.1907,false_negative,,,
L000506,2023-10-01,0,604146.27,<620,NY,Beacon,90.0,,0.3905,false_negative,,,
L000511,2023-10-01,0,80380.64,740+,WA,Cedar,80.0,,0.4487,false_negative,,,
L000713,2023-10-01,0,232863.98,620-679,FL,Beacon,80.0,,0.1634,false_negative,,,
L000914,2023-10-01,0,-25.0,740+,TX,Beacon,59.0,,0.1718,false_negative,,,
