loan_id,reporting_month,origination_month,month_index,loan_age_months,remaining_term_months,original_balance,current_balance,interest_rate,credit_score,ltv,servicer_name,current_status,days_past_due,document_status,last_updated_at,source_system,next_3m_delinquency_flag,next_6m_delinquency_flag,next_12m_default_flag,next_12m_prepayment_flag,next_state,exception_type,exception_required,credit_score_band,ltv_band,dti,dti_band,state,loan_purpose,occupancy_type,property_type,term_months,vintage,credit_score_numeric,ltv_numeric,dti_numeric,balance_ratio,term_ratio,dpd_velocity,ever_dpd,paydown_rate,vintage_year,next_3m_delinquency_prob,next_6m_delinquency_prob,next_12m_default_prob,next_12m_prepayment_prob,next_state_confidence,exception_type_confidence,anomaly_score,anomaly_reason,anomaly_drivers,data_quality_score,model_confidence,data_confidence,confidence,n_breaches,recommended_action,top_drivers
L000080,2025-02-01,2023-01-01,25,25,155,142108,-25.0,6.75,668,77.6,Cedar,Prepaid,0,complete,2025-02-19,core,,,,,prepaid,data_break,0.8710895523100198,620-679,81-100,45.3,44-50,GA,refinance,owner,sfr,180,2023,668,77.6,45.3,0.0,0.8611111111111112,0.0,0,1.0,2023,0.008457816504588494,0.0020636234886249705,0.0004570845359476272,0.9406258818185399,0.7171,0.7948,0.8569,negative_balance; outlier_remaining_term_months; outlier_balance_ratio,"{'rule_breaches': ['negative_balance', 'outlier_remaining_term_months', 'outlier_balance_ratio'], 'deviating_features': ['remaining_term_months', 'current_balance']}",47.7,0.965,0.477,0.819,5,escalate_human_review,negative_balance; outlier_remaining_term_months; outlier_balance_ratio
L000747,2025-06-01,2023-02-01,28,28,212,404621,-25.0,6.0,691,56.9,Beacon,Current,0,complete,2025-06-17,core,,,,,current,data_break,0.8793214366168082,680-739,61-80,26.6,21-35,GA,refinance,owner,sfr,240,2023,691,56.9,26.6,0.0,0.8833333333333333,0.0,0,1.0,2023,0.06319676697344204,0.11312216413246895,0.005137325476157015,0.05025394800962831,0.6034,0.8134,0.8569,negative_balance; outlier_remaining_term_months; outlier_balance_ratio,"{'rule_breaches': ['negative_balance', 'outlier_remaining_term_months', 'outlier_balance_ratio'], 'deviating_features': ['current_balance', 'loan_age_months']}",47.7,0.884,0.477,0.762,5,escalate_human_review,negative_balance; outlier_remaining_term_months; outlier_balance_ratio
L000995,2025-03-01,2023-11-01,16,16,224,237774,-24.39,4.75,660,80.2,Atlas,Current,0,pending,2025-03-14,core,,,,,current,data_break,0.8074463123173259,620-679,81-100,35.9,36-43,NY,purchase,owner,sfr,240,2023,660,80.2,35.9,0.0,0.9333333333333333,0.0,0,1.0,2023,0.03618218159914052,0.09626082625831382,0.04257434616362977,0.06410379053172799,0.7042,0.7064,0.8569,negative_balance; outlier_remaining_term_months; outlier_balance_ratio,"{'rule_breaches': ['negative_balance', 'outlier_remaining_term_months', 'outlier_balance_ratio'], 'deviating_features': ['current_balance', 'remaining_term_months']}",47.7,0.88,0.477,0.759,5,escalate_human_review,negative_balance; outlier_remaining_term_months; outlier_balance_ratio
L000682,2025-05-01,2023-02-01,27,27,153,135180,128292.0,5.5,696,84.9,Atlas,Prepaid,0,complete,2025-05-13,core,,,,,prepaid,source_conflict,0.7931932856206134,680-739,81-100,29.6,21-35,GA,purchase,owner,sfr,180,2023,696,84.9,29.6,0.9490457168220151,0.85,0.0,1,-0.019622722425731234,2023,0.008428519011183296,0.0018660025723062478,0.0008522641060623308,0.5895439852467649,0.8597,0.7402,0.8539,prepaid_positive_balance; outlier_remaining_term_months; outlier_paydown_rate,"{'rule_breaches': ['prepaid_positive_balance', 'outlier_remaining_term_months', 'outlier_paydown_rate'], 'deviating_features': ['remaining_term_months', 'loan_age_months']}",48.7,0.789,0.487,0.698,5,escalate_human_review,prepaid_positive_balance; outlier_remaining_term_months; outlier_paydown_rate
L000682,2025-04-01,2023-02-01,26,26,154,135180,125823.01,5.5,687,84.9,Atlas,Prepaid,0,pending,2025-04-15,core,,,,,prepaid,source_conflict,0.8630654315913949,680-739,81-100,29.6,21-35,GA,purchase,owner,sfr,180,2023,687,84.9,29.6,0.930781254623465,0.8555555555555555,0.0,1,-0.07759601975596822,2023,0.008200506057115326,0.002781077197160505,0.000876738598380005,0.5755477401167101,0.8561,0.534,0.8539,prepaid_positive_balance; outlier_remaining_term_months; outlier_paydown_rate,"{'rule_breaches': ['prepaid_positive_balance', 'outlier_remaining_term_months', 'outlier_paydown_rate'], 'deviating_features': ['remaining_term_months', 'loan_age_months']}",48.7,0.782,0.487,0.694,5,escalate_human_review,prepaid_positive_balance; outlier_remaining_term_months; outlier_paydown_rate
L000163,2025-02-01,2023-10-01,16,16,164,513780,432063.23,5.25,736,63.9,Beacon,Prepaid,0,complete,2025-02-15,core,,,,,prepaid,none,0.3166013313835366,740+,61-80,31.7,21-35,NY,refinance,owner,sfr,180,2023,736,63.9,31.7,0.8409498812721398,0.9111111111111111,0.0,0,0.12523868175916625,2023,0.009420434396155523,0.0018489556634329856,0.0005490947423157609,0.7329865037439894,0.8515,0.5201,0.8539,prepaid_positive_balance; outlier_remaining_term_months; outlier_paydown_rate,"{'rule_breaches': ['prepaid_positive_balance', 'outlier_remaining_term_months', 'outlier_paydown_rate'], 'deviating_features': ['remaining_term_months', 'loan_age_months']}",48.7,0.861,0.487,0.749,5,escalate_human_review,prepaid_positive_balance; outlier_remaining_term_months; outlier_paydown_rate
L000176,2025-02-01,2023-09-01,17,17,343,562268,611005.34,7.75,708,69.8,Atlas,Current,30,complete,2025-02-16,core,,,,,current,none,0.01777691298594734,680-739,61-80,25.4,21-35,GA,purchase,owner,condo,360,2023,708,69.8,25.4,1.0866799106475915,0.9527777777777777,30.0,1,-0.13414339668226777,2023,0.10152443667317101,0.19742455565739636,0.022355955241562003,0.018705403647509916,0.4021,0.6668,0.8479,balance_exceeds_original; dpd_status_break; outlier_balance_ratio,"{'rule_breaches': ['balance_exceeds_original', 'dpd_status_break', 'outlier_balance_ratio'], 'deviating_features': ['days_past_due', 'current_balance']}",50.7,0.83,0.507,0.733,5,escalate_human_review,balance_exceeds_original; dpd_status_break; outlier_balance_ratio
L000847,2025-04-01,2023-08-01,20,20,220,434767,429263.05,3.75,771,64.9,Beacon,Prepaid,-10,missing,2025-04-02,core,,,,,prepaid,missing_docs,0.6236373574471403,740+,61-80,25.6,21-35,CA,refinance,owner,townhouse,240,2023,771,64.9,25.6,0.9873404605225328,0.9166666666666666,-10.0,0,0.0,2023,0.006689180377555293,0.002252428258873099,0.0005675410947243468,0.6583486950832623,0.9794,0.8844,0.8449,dpd_impossible; prepaid_positive_balance; outlier_remaining_term_months,"{'rule_breaches': ['dpd_impossible', 'prepaid_positive_balance', 'outlier_remaining_term_months'], 'deviating_features': ['days_past_due', 'interest_rate']}",51.7,0.824,0.517,0.732,4,escalate_human_review,dpd_impossible; prepaid_positive_balance; outlier_remaining_term_months
L001045,2025-02-01,2023-09-01,17,17,223,143763,157168.04,5.5,785,71.2,Beacon,Default,120,complete,2025-02-02,core,,,,,default,none,0.005324714050230806,740+,61-80,47.7,44-50,TX,purchase,owner,sfr,240,2023,785,71.2,47.7,1.0932440196712645,0.9291666666666667,0.0,1,-0.0975039347441735,2023,0.1777447693304969,0.08178089402636379,0.6012094156507883,0.001149105025848697,0.9561,0.674,0.8359,balance_exceeds_original; outlier_remaining_term_months; outlier_balance_ratio,"{'rule_breaches': ['balance_exceeds_original', 'outlier_remaining_term_months', 'outlier_balance_ratio'], 'deviating_features': ['days_past_due', 'remaining_term_months']}",54.7,0.67,0.547,0.633,5,escalate_human_review,balance_exceeds_original; outlier_remaining_term_months; outlier_balance_ratio
L000362,2025-03-01,2023-06-01,21,21,339,353726,-25.0,7.75,627,60.4,Beacon,30 DPD,30,complete,2025-03-10,core,,,,,60_dpd,data_break,0.8297455727100557,620-679,61-80,38.1,36-43,FL,refinance,owner,townhouse,360,2023,627,60.4,38.1,0.0,0.9416666666666667,30.0,1,1.0,2023,0.20054303851233246,0.5935223139638635,0.3200287411965502,0.3540747976151848,0.3804,0.7316,0.8329,negative_balance; outlier_balance_ratio; outlier_paydown_rate,"{'rule_breaches': ['negative_balance', 'outlier_balance_ratio', 'outlier_paydown_rate'], 'deviating_features': ['days_past_due', 'current_balance']}",55.7,0.359,0.557,0.418,4,escalate_human_review,negative_balance; outlier_balance_ratio; outlier_paydown_rate
L000563,2025-03-01,2023-03-01,24,24,336,355157,-25.0,4.75,620,60.1,Atlas,Default,120,complete,2025-03-10,core,,,,,default,data_break,0.8428337245389828,620-679,61-80,33.1,21-35,NY,refinance,owner,sfr,360,2023,620,60.1,33.1,0.0,0.9333333333333333,0.0,1,1.0,2023,0.09014524045371342,0.1578752240047024,0.07144077297459635,0.002465035769750153,0.8149,0.8088,0.8329,negative_balance; outlier_balance_ratio; outlier_paydown_rate,"{'rule_breaches': ['negative_balance', 'outlier_balance_ratio', 'outlier_paydown_rate'], 'deviating_features': ['days_past_due', 'current_balance']}",55.7,0.839,0.557,0.754,4,escalate_human_review,negative_balance; outlier_balance_ratio; outlier_paydown_rate
L000474,2025-02-01,2023-11-01,15,15,345,563412,-25.0,5.25,754,90.2,Beacon,Current,0,complete,2025-02-18,core,,,,,current,data_break,0.8637462859297248,740+,81-100,25.2,21-35,CA,refinance,owner,condo,360,2023,754,90.2,25.2,0.0,0.9583333333333334,0.0,0,1.0,2023,0.03896795739728329,0.04077893518301854,0.0075405133814439316,0.028947165980961562,0.6873,0.7593,0.8329,negative_balance; outlier_balance_ratio; outlier_paydown_rate,"{'rule_breaches': ['negative_balance', 'outlier_balance_ratio', 'outlier_paydown_rate'], 'deviating_features': ['current_balance', 'loan_age_months']}",55.7,0.942,0.557,0.826,4,escalate_human_review,negative_balance; outlier_balance_ratio; outlier_paydown_rate
L000329,2025-06-01,2023-01-01,29,29,151,557822,551403.17,4.5,662,80.5,Atlas,Prepaid,0,complete,2025-06-03,core,,,,,prepaid,source_conflict,0.8276831895545858,620-679,81-100,44.9,44-50,GA,purchase,owner,sfr,180,2023,662,80.5,44.9,0.9884930497542227,0.8388888888888889,0.0,0,0.0,2023,0.010991465683622562,0.003322638432560641,0.0008327814306573265,0.26402534222401786,0.9671,0.8704,0.8299,prepaid_positive_balance; outlier_remaining_term_months; balance_source_conflict,"{'rule_breaches': ['prepaid_positive_balance', 'outlier_remaining_term_months', 'balance_source_conflict'], 'deviating_features': ['remaining_term_months', 'loan_age_months']}",56.7,0.86,0.567,0.772,4,escalate_human_review,prepaid_positive_balance; outlier_remaining_term_months; balance_source_conflict
L000163,2025-01-01,2023-10-01,15,15,165,513780,493921.28,5.25,749,63.9,Beacon,Prepaid,0,complete,2025-01-20,core,,,,,prepaid,none,0.3032583405681219,740+,61-80,31.7,21-35,NY,refinance,owner,sfr,180,2023,749,63.9,31.7,0.9613478142395578,0.9166666666666666,0.0,0,0.0,2023,0.008768817558419737,0.0022623954203983827,0.0004714756611503438,0.7024866350289067,0.9768,0.6338,0.8299,prepaid_positive_balance; outlier_remaining_term_months; balance_source_conflict,"{'rule_breaches': ['prepaid_positive_balance', 'outlier_remaining_term_months', 'balance_source_conflict'], 'deviating_features': ['remaining_term_months', 'loan_age_months']}",56.7,0.845,0.567,0.762,4,escalate_human_review,prepaid_positive_balance; outlier_remaining_term_months; balance_source_conflict
L000682,2025-06-01,2023-02-01,28,28,152,135180,125823.01,5.5,680,84.9,Atlas,Prepaid,0,complete,2025-06-12,core,,,,,prepaid,source_conflict,0.8532342737202613,680-739,81-100,29.6,21-35,GA,purchase,owner,sfr,180,2023,680,84.9,29.6,0.930781254623465,0.8444444444444444,0.0,1,0.019245081532753446,2023,0.0075134977252566985,0.0019106340903764331,0.0011269225482060444,0.6042325351345438,0.7511,0.7054,0.8299,prepaid_positive_balance; outlier_remaining_term_months; balance_source_conflict,"{'rule_breaches': ['prepaid_positive_balance', 'outlier_remaining_term_months', 'balance_source_conflict'], 'deviating_features': ['remaining_term_months', 'loan_age_months']}",56.7,0.797,0.567,0.728,4,escalate_human_review,prepaid_positive_balance; outlier_remaining_term_months; balance_source_conflict
L001096,2025-01-01,2023-12-01,13,13,227,624321,600521.67,4.0,818,64.7,Beacon,Prepaid,0,complete,2025-01-14,core,,,,,prepaid,none,0.2790990290720066,740+,61-80,42.0,36-43,GA,purchase,owner,sfr,240,2023,818,64.7,42.0,0.961879658060517,0.9458333333333333,0.0,0,0.0,2023,0.010196054616531789,0.003892207202650212,0.0006061108952774421,0.8268060954074928,0.9691,0.7128,0.8299,prepaid_positive_balance; outlier_remaining_term_months; balance_source_conflict,"{'rule_breaches': ['prepaid_positive_balance', 'outlier_remaining_term_months', 'balance_source_conflict'], 'deviating_features': ['loan_age_months', 'interest_rate']}",56.7,0.906,0.567,0.804,4,escalate_human_review,prepaid_positive_balance; outlier_remaining_term_months; balance_source_conflict
L001096,2025-02-01,2023-12-01,14,14,226,624321,600521.67,4.0,812,64.7,Beacon,Prepaid,0,complete,2025-02-14,core,,,,,prepaid,none,0.3401131877184063,740+,61-80,42.0,36-43,GA,purchase,owner,sfr,240,2023,812,64.7,42.0,0.961879658060517,0.9416666666666667,0.0,0,0.0,2023,0.011261988438554046,0.005137253120692694,0.00032126147217955,0.8642453911766036,0.9723,0.725,0.8299,prepaid_positive_balance; outlier_remaining_term_months; balance_source_conflict,"{'rule_breaches': ['prepaid_positive_balance', 'outlier_remaining_term_months', 'balance_source_conflict'], 'deviating_features': ['loan_age_months', 'interest_rate']}",56.7,0.924,0.567,0.817,4,escalate_human_review,prepaid_positive_balance; outlier_remaining_term_months; balance_source_conflict
L000968,2025-06-01,2023-04-01,26,26,154,422856,373171.07,5.0,779,57.0,Cedar,Prepaid,0,pending,2025-06-06,core,,,,,prepaid,none,0.16159615676101266,740+,61-80,31.3,21-35,FL,purchase,owner,sfr,180,2023,779,57.0,31.3,0.8825015371663166,0.8555555555555555,0.0,0,0.0,2023,0.010320682030962348,0.0024110893452762663,0.0006208224115888851,0.8231637682809594,0.9363,0.5914,0.8299,prepaid_positive_balance; outlier_remaining_term_months; balance_source_conflict,"{'rule_breaches': ['prepaid_positive_balance', 'outlier_remaining_term_months', 'balance_source_conflict'], 'deviating_features': ['remaining_term_months', 'loan_age_months']}",56.7,0.905,0.567,0.804,4,escalate_human_review,prepaid_positive_balance; outlier_remaining_term_months; balance_source_conflict
L001096,2025-04-01,2023-12-01,16,16,224,624321,600521.67,4.0,826,64.7,Beacon,Prepaid,0,complete,2025-04-19,core,,,,,prepaid,none,0.2897825442612089,740+,61-80,42.0,36-43,GA,purchase,owner,sfr,240,2023,826,64.7,42.0,0.961879658060517,0.9333333333333333,0.0,0,0.0,2023,0.009579876097180048,0.003618901381139322,0.0005689074385652155,0.8785568087784495,0.9682,0.7165,0.8299,prepaid_positive_balance; outlier_remaining_term_months; balance_source_conflict,"{'rule_breaches': ['prepaid_positive_balance', 'outlier_remaining_term_months', 'balance_source_conflict'], 'deviating_features': ['interest_rate', 'current_balance']}",56.7,0.932,0.567,0.822,4,escalate_human_review,prepaid_positive_balance; outlier_remaining_term_months; balance_source_conflict
L000831,2025-06-01,2023-06-01,24,24,156,532982,532982.0,5.5,582,59.4,Beacon,Prepaid,0,complete,2025-06-09,core,,,,,prepaid,source_conflict,0.8817519675119142,<620,<=60,26.0,21-35,WA,cash_out,owner,condo,180,2023,582,59.4,26.0,1.0,0.8666666666666667,0.0,0,0.0,2023,0.0062041057938441195,0.0024249066383317005,0.0005996768029422577,0.027861979304439455,0.9537,0.7287,0.8299,prepaid_positive_balance; outlier_remaining_term_months; balance_source_conflict,"{'rule_breaches': ['prepaid_positive_balance', 'outlier_remaining_term_months', 'balance_source_conflict'], 'deviating_features': ['remaining_term_months', 'current_balance']}",56.7,0.981,0.567,0.857,4,escalate_human_review,prepaid_positive_balance; outlier_remaining_term_months; balance_source_conflict
L000059,2025-05-01,2023-04-01,25,25,215,110735,101281.29,5.75,644,70.2,Atlas,Prepaid,0,complete,2025-05-07,core,,,,,prepaid,source_conflict,0.6127591261147015,620-679,61-80,55.0,44-50,GA,purchase,owner,sfr,240,2023,644,70.2,55.0,0.9146276245089627,0.8958333333333334,0.0,1,0.0,2023,0.009319894143885133,0.002192924006546035,0.0024465035472590805,0.8728795189852838,0.8243,0.6764,0.8299,prepaid_positive_balance; outlier_remaining_term_months; balance_source_conflict,"{'rule_breaches': ['prepaid_positive_balance', 'outlier_remaining_term_months', 'balance_source_conflict'], 'deviating_features': ['remaining_term_months', 'current_balance']}",56.7,0.929,0.567,0.82,4,escalate_human_review,prepaid_positive_balance; outlier_remaining_term_months; balance_source_conflict
L000329,2025-02-01,2023-01-01,25,25,155,557822,551403.17,4.5,674,80.5,Atlas,Prepaid,0,complete,2025-02-02,core,,,,,prepaid,source_conflict,0.7885081762831582,620-679,81-100,44.9,44-50,GA,purchase,owner,sfr,180,2023,674,80.5,44.9,0.9884930497542227,0.8611111111111112,0.0,0,0.0,2023,0.0103357190808794,0.003322638432560641,0.0008327814306573265,0.31047483139729676,0.9662,0.8713,0.8299,prepaid_positive_balance; outlier_remaining_term_months; balance_source_conflict,"{'rule_breaches': ['prepaid_positive_balance', 'outlier_remaining_term_months', 'balance_source_conflict'], 'deviating_features': ['remaining_term_months', 'current_balance']}",56.7,0.838,0.567,0.757,4,escalate_human_review,prepaid_positive_balance; outlier_remaining_term_months; balance_source_conflict
L000419,2025-02-01,2023-07-01,19,19,221,82418,81666.22,3.5,769,80.1,Atlas,Prepaid,0,complete,2025-02-13,core,,,,,prepaid,source_conflict,0.6390162845883772,740+,81-100,29.8,21-35,IL,refinance,owner,sfr,240,2023,769,80.1,29.8,0.9908784488825256,0.9208333333333333,0.0,0,0.0,2023,0.007001998944347779,0.002267546107510021,0.0004575363635915928,0.39236207172830784,0.9512,0.6558,0.8299,prepaid_positive_balance; outlier_remaining_term_months; balance_source_conflict,"{'rule_breaches': ['prepaid_positive_balance', 'outlier_remaining_term_months', 'balance_source_conflict'], 'deviating_features': ['interest_rate', 'current_balance']}",56.7,0.799,0.567,0.729,4,escalate_human_review,prepaid_positive_balance; outlier_remaining_term_months; balance_source_conflict
L000329,2025-03-01,2023-01-01,26,26,154,557822,551403.17,4.5,694,80.5,Atlas,Prepaid,0,complete,2025-03-19,core,,,,,prepaid,source_conflict,0.7951070806355348,620-679,81-100,44.9,44-50,GA,purchase,owner,sfr,180,2023,694,80.5,44.9,0.9884930497542227,0.8555555555555555,0.0,0,0.0,2023,0.011904769982735453,0.0034431617859696996,0.0006468145604718792,0.2701686273787712,0.9613,0.86,0.8299,prepaid_positive_balance; outlier_remaining_term_months; balance_source_conflict,"{'rule_breaches': ['prepaid_positive_balance', 'outlier_remaining_term_months', 'balance_source_conflict'], 'deviating_features': ['remaining_term_months', 'current_balance']}",56.7,0.857,0.567,0.77,4,escalate_human_review,prepaid_positive_balance; outlier_remaining_term_months; balance_source_conflict
L000329,2025-05-01,2023-01-01,28,28,152,557822,551403.17,4.5,674,80.5,Atlas,Prepaid,0,complete,2025-05-12,core,,,,,prepaid,source_conflict,0.7885081762831582,620-679,81-100,44.9,44-50,GA,purchase,owner,sfr,180,2023,674,80.5,44.9,0.9884930497542227,0.8444444444444444,0.0,0,0.0,2023,0.0103357190808794,0.003322638432560641,0.0008327814306573265,0.31047483139729676,0.9662,0.8713,0.8299,prepaid_positive_balance; outlier_remaining_term_months; balance_source_conflict,"{'rule_breaches': ['prepaid_positive_balance', 'outlier_remaining_term_months', 'balance_source_conflict'], 'deviating_features': ['remaining_term_months', 'loan_age_months']}",56.7,0.838,0.567,0.757,4,escalate_human_review,prepaid_positive_balance; outlier_remaining_term_months; balance_source_conflict
L000419,2025-06-01,2023-07-01,23,23,217,82418,81666.22,3.5,782,80.1,Atlas,Prepaid,0,complete,2025-06-02,core,,,,,prepaid,source_conflict,0.7657518248051841,740+,81-100,29.8,21-35,IL,refinance,owner,sfr,240,2023,782,80.1,29.8,0.9908784488825256,0.9041666666666667,0.0,0,0.0,2023,0.00735961494182346,0.0019932200333367916,0.000424550521159734,0.38869133329917743,0.9444,0.672,0.8299,prepaid_positive_balance; outlier_remaining_term_months; balance_source_conflict,"{'rule_breaches': ['prepaid_positive_balance', 'outlier_remaining_term_months', 'balance_source_conflict'], 'deviating_features': ['interest_rate', 'remaining_term_months']}",56.7,0.801,0.567,0.731,4,escalate_human_review,prepaid_positive_balance; outlier_remaining_term_months; balance_source_conflict
L000419,2025-04-01,2023-07-01,21,21,219,82418,81666.22,3.5,791,80.1,Atlas,Prepaid,0,complete,2025-04-11,core,,,,,prepaid,source_conflict,0.7454039757347823,740+,81-100,29.8,21-35,IL,refinance,owner,sfr,240,2023,791,80.1,29.8,0.9908784488825256,0.9125,0.0,0,0.0,2023,0.007515504014160859,0.0021620906126178993,0.0004231439332384737,0.40671828341945,0.9488,0.6513,0.8299,prepaid_positive_balance; outlier_remaining_term_months; balance_source_conflict,"{'rule_breaches': ['prepaid_positive_balance', 'outlier_remaining_term_months', 'balance_source_conflict'], 'deviating_features': ['interest_rate', 'remaining_term_months']}",56.7,0.792,0.567,0.724,4,escalate_human_review,prepaid_positive_balance; outlier_remaining_term_months; balance_source_conflict
L000419,2025-05-01,2023-07-01,22,22,218,82418,81666.22,3.5,794,80.1,Atlas,Prepaid,0,complete,2025-05-03,core,,,,,prepaid,source_conflict,0.7333033568103202,740+,81-100,29.8,21-35,IL,refinance,owner,sfr,240,2023,794,80.1,29.8,0.9908784488825256,0.9083333333333333,0.0,0,0.0,2023,0.007515504014160859,0.0021697102793904466,0.0004231337525915627,0.3887398841622653,0.9476,0.6513,0.8299,prepaid_positive_balance; outlier_remaining_term_months; balance_source_conflict,"{'rule_breaches': ['prepaid_positive_balance', 'outlier_remaining_term_months', 'balance_source_conflict'], 'deviating_features': ['interest_rate', 'remaining_term_months']}",56.7,0.801,0.567,0.731,4,escalate_human_review,prepaid_positive_balance; outlier_remaining_term_months; balance_source_conflict
L000292,2025-01-01,2023-03-01,22,22,338,109601,102622.03,5.5,601,69.6,Beacon,Current,30,complete,2025-01-15,core,,,,,current,source_conflict,0.883246493832659,<620,61-80,29.8,21-35,TX,purchase,owner,townhouse,360,2023,601,69.6,29.8,0.9363238474101514,0.9388888888888889,30.0,1,-0.08730118367482734,2023,0.03914890077317354,0.3227889554169799,0.6759138215343331,0.02534161643009597,0.4446,0.6614,0.8299,dpd_status_break; outlier_paydown_rate; balance_source_conflict,"{'rule_breaches': ['dpd_status_break', 'outlier_paydown_rate', 'balance_source_conflict'], 'deviating_features': ['days_past_due', 'current_balance']}",56.7,0.644,0.567,0.621,4,escalate_human_review,dpd_status_break; outlier_paydown_rate; balance_source_conflict
L000419,2025-01-01,2023-07-01,18,18,222,82418,81666.22,3.5,785,80.1,Atlas,Prepaid,0,complete,2025-01-19,core,,,,,prepaid,source_conflict,0.7524391750913004,740+,81-100,29.8,21-35,IL,refinance,owner,sfr,240,2023,785,80.1,29.8,0.9908784488825256,0.925,0.0,0,0.0,2023,0.00735961494182346,0.0019932200333367916,0.000424550521159734,0.38869133329917743,0.9557,0.6673,0.8299,prepaid_positive_balance; outlier_remaining_term_months; balance_source_conflict,"{'rule_breaches': ['prepaid_positive_balance', 'outlier_remaining_term_months', 'balance_source_conflict'], 'deviating_features': ['interest_rate', 'current_balance']}",56.7,0.801,0.567,0.731,4,escalate_human_review,prepaid_positive_balance; outlier_remaining_term_months; balance_source_conflict
L001096,2025-03-01,2023-12-01,15,15,225,624321,600521.67,4.0,813,64.7,Beacon,Prepaid,0,pending,2025-03-11,core,,,,,prepaid,none,0.36821445170359896,740+,61-80,42.0,36-43,GA,purchase,owner,sfr,240,2023,813,64.7,42.0,0.961879658060517,0.9375,0.0,0,0.0,2023,0.010536067495169015,0.004022763111699513,0.000321476239722034,0.8855537694908199,0.9568,0.5619,0.8299,prepaid_positive_balance; outlier_remaining_term_months; balance_source_conflict,"{'rule_breaches': ['prepaid_positive_balance', 'outlier_remaining_term_months', 'balance_source_conflict'], 'deviating_features': ['interest_rate', 'current_balance']}",56.7,0.935,0.567,0.825,4,escalate_human_review,prepaid_positive_balance; outlier_remaining_term_months; balance_source_conflict
L000510,2025-04-01,2023-12-01,16,16,164,470314,426388.42,5.25,787,49.4,Cedar,Current,15,complete,2025-04-12,core,,,,,current,none,0.04827102951399667,740+,<=60,49.9,44-50,GA,purchase,investor,sfr,180,2023,787,49.4,49.9,0.9066037158153913,0.9111111111111111,15.0,1,0.019946785158869915,2023,0.0395184436869579,0.013659464522334306,0.0022690494871668867,0.04417286887802909,0.5837,0.5166,0.8299,dpd_status_break; outlier_remaining_term_months; balance_source_conflict,"{'rule_breaches': ['dpd_status_break', 'outlier_remaining_term_months', 'balance_source_conflict'], 'deviating_features': ['days_past_due', 'remaining_term_months']}",56.7,0.95,0.567,0.835,4,escalate_human_review,dpd_status_break; outlier_remaining_term_months; balance_source_conflict
L000027,2025-01-01,2023-03-01,22,22,158,594172,614398.28,4.0,747,66.9,Cedar,Prepaid,0,pending,2025-01-17,core,,,,,prepaid,none,0.04345045688266305,740+,61-80,32.4,21-35,TX,refinance,investor,condo,180,2023,747,66.9,32.4,1.0340411194065018,0.8777777777777778,0.0,0,-0.04756909665923582,2023,0.007894778208134745,0.0023582773079619604,0.001144536067585792,0.5828375609496734,0.9305,0.6132,0.8239,prepaid_positive_balance; outlier_remaining_term_months; outlier_paydown_rate,"{'rule_breaches': ['prepaid_positive_balance', 'outlier_remaining_term_months', 'outlier_paydown_rate'], 'deviating_features': ['remaining_term_months', 'current_balance']}",58.7,0.786,0.587,0.726,4,escalate_human_review,prepaid_positive_balance; outlier_remaining_term_months; outlier_paydown_rate
L000063,2025-05-01,2023-05-01,24,24,156,472669,492326.89,4.5,800,59.2,Cedar,Prepaid,0,complete,2025-05-08,core,,,,,prepaid,none,0.028595500564898037,740+,61-80,46.7,44-50,NY,purchase,second_home,sfr,180,2023,800,59.2,46.7,1.0415891247363378,0.8666666666666667,0.0,0,-0.05911999873334193,2023,0.007570411226100331,0.0031242229917026565,0.00028181990537606746,0.6435136252172781,0.9407,0.6714,0.8239,prepaid_positive_balance; outlier_remaining_term_months; outlier_paydown_rate,"{'rule_breaches': ['prepaid_positive_balance', 'outlier_remaining_term_months', 'outlier_paydown_rate'], 'deviating_features': ['remaining_term_months', 'interest_rate']}",58.7,0.816,0.587,0.747,4,escalate_human_review,prepaid_positive_balance; outlier_remaining_term_months; outlier_paydown_rate
L000341,2025-03-01,2023-08-01,19,19,161,585518,558265.53,6.0,636,85.3,Atlas,Prepaid,0,complete,2025-03-03,core,,,,,prepaid,none,0.023947418608322616,620-679,81-100,31.8,21-35,NY,cash_out,second_home,sfr,180,2023,636,85.3,31.8,0.9534557946980281,0.8944444444444445,0.0,0,-0.04119822365054253,2023,0.007131218605395087,0.0031483733818285123,0.0016466727111816189,0.5824275389751374,0.8706,0.7394,0.8239,prepaid_positive_balance; outlier_remaining_term_months; outlier_paydown_rate,"{'rule_breaches': ['prepaid_positive_balance', 'outlier_remaining_term_months', 'outlier_paydown_rate'], 'deviating_features': ['remaining_term_months', 'current_balance']}",58.7,0.785,0.587,0.726,4,escalate_human_review,prepaid_positive_balance; outlier_remaining_term_months; outlier_paydown_rate
L000532,2025-04-01,2023-11-01,17,17,223,588329,500187.34,5.75,751,67.7,Cedar,Current,30,complete,2025-04-18,core,,,,,current,none,0.16299087064671514,740+,61-80,37.4,36-43,NY,cash_out,investor,sfr,240,2023,751,67.7,37.4,0.8501830438411162,0.9291666666666667,30.0,1,0.08652938802658805,2023,0.06125004880751511,0.03564467429352477,0.0064690520962521385,0.021289686373181214,0.4031,0.7002,0.8239,dpd_status_break; outlier_remaining_term_months; outlier_paydown_rate,"{'rule_breaches': ['dpd_status_break', 'outlier_remaining_term_months', 'outlier_paydown_rate'], 'deviating_features': ['days_past_due', 'original_balance']}",58.7,0.938,0.587,0.833,4,escalate_human_review,dpd_status_break; outlier_remaining_term_months; outlier_paydown_rate
L000839,2025-03-01,2023-09-01,18,18,162,252607,245631.58,3.75,724,71.7,Atlas,Prepaid,0,complete,2025-03-02,core,,,,,prepaid,none,0.040989103881732915,680-739,61-80,27.5,21-35,FL,purchase,owner,condo,180,2023,724,71.7,27.5,0.9723862759147608,0.9,0.0,0,-0.1410878213873406,2023,0.011273991513101185,0.005407627963878183,0.0013751630861234968,0.35934616155984583,0.9418,0.6951,0.8239,prepaid_positive_balance; outlier_remaining_term_months; outlier_paydown_rate,"{'rule_breaches': ['prepaid_positive_balance', 'outlier_remaining_term_months', 'outlier_paydown_rate'], 'deviating_features': ['remaining_term_months', 'interest_rate']}",58.7,0.811,0.587,0.744,4,escalate_human_review,prepaid_positive_balance; outlier_remaining_term_months; outlier_paydown_rate
L000063,2025-06-01,2023-05-01,25,25,155,472669,464845.24,4.5,791,59.2,Cedar,Prepaid,0,complete,2025-06-05,core,,,,,prepaid,none,0.016613843858414978,740+,61-80,46.7,44-50,NY,purchase,second_home,sfr,180,2023,791,59.2,46.7,0.9834476980720123,0.8611111111111112,0.0,0,0.05581992484708691,2023,0.009391499795463762,0.004225178389211806,0.0002934958830568564,0.6398626591934464,0.8737,0.6751,0.8239,prepaid_positive_balance; outlier_remaining_term_months; outlier_paydown_rate,"{'rule_breaches': ['prepaid_positive_balance', 'outlier_remaining_term_months', 'outlier_paydown_rate'], 'deviating_features': ['remaining_term_months', 'interest_rate']}",58.7,0.813,0.587,0.745,4,escalate_human_review,prepaid_positive_balance; outlier_remaining_term_months; outlier_paydown_rate
L000839,2025-02-01,2023-09-01,17,17,163,252607,215260.89,3.75,716,71.7,Atlas,Prepaid,0,complete,2025-02-16,core,,,,,prepaid,none,0.1683116871756358,680-739,61-80,27.5,21-35,FL,purchase,owner,condo,180,2023,716,71.7,27.5,0.8521572640504816,0.9055555555555556,0.0,0,0.12364326280847103,2023,0.017987744851379106,0.007147226659849453,0.001094294972236171,0.29285102739750885,0.7951,0.6717,0.8239,prepaid_positive_balance; outlier_remaining_term_months; outlier_paydown_rate,"{'rule_breaches': ['prepaid_positive_balance', 'outlier_remaining_term_months', 'outlier_paydown_rate'], 'deviating_features': ['remaining_term_months', 'interest_rate']}",58.7,0.84,0.587,0.764,4,escalate_human_review,prepaid_positive_balance; outlier_remaining_term_months; outlier_paydown_rate
L000811,2025-02-01,2023-11-01,15,15,165,405272,380389.94,7.5,750,74.0,Beacon,Prepaid,0,complete,2025-02-10,core,,,,,prepaid,none,0.03820032348508462,680-739,61-80,15.4,<=20,IL,refinance,owner,townhouse,180,2023,750,74.0,15.4,0.9386040486389388,0.9166666666666666,0.0,0,1.0,2023,0.014048721192122417,0.004779235819200031,0.0011735144715847377,0.35079913897452636,0.7589,0.5787,0.8239,prepaid_positive_balance; outlier_remaining_term_months; outlier_paydown_rate,"{'rule_breaches': ['prepaid_positive_balance', 'outlier_remaining_term_months', 'outlier_paydown_rate'], 'deviating_features': ['remaining_term_months', 'loan_age_months']}",58.7,0.815,0.587,0.747,4,escalate_human_review,prepaid_positive_balance; outlier_remaining_term_months; outlier_paydown_rate
L000242,2025-02-01,2023-04-01,22,22,218,218628,212250.24,3.25,824,77.5,Cedar,Prepaid,0,complete,2025-02-06,core,,,,,prepaid,none,0.00901053525039082,740+,61-80,37.5,36-43,TX,refinance,owner,sfr,240,2023,824,77.5,37.5,0.9708282562160382,0.9083333333333333,0.0,0,-0.03012764444023382,2023,0.0053967007363830725,0.003321343242094691,0.002271953757922028,0.6839455786005701,0.9567,0.865,0.8239,prepaid_positive_balance; outlier_remaining_term_months; outlier_paydown_rate,"{'rule_breaches': ['prepaid_positive_balance', 'outlier_remaining_term_months', 'outlier_paydown_rate'], 'deviating_features': ['interest_rate', 'remaining_term_months']}",58.7,0.836,0.587,0.761,4,escalate_human_review,prepaid_positive_balance; outlier_remaining_term_months; outlier_paydown_rate
L000080,2025-03-01,2023-01-01,26,26,154,142108,126677.51,6.75,685,77.6,Cedar,Prepaid,0,complete,2025-03-02,core,,,,,prepaid,none,0.02150645190806554,620-679,81-100,45.3,44-50,GA,refinance,owner,sfr,180,2023,685,77.6,45.3,0.8914171615954063,0.8555555555555555,0.0,0,1.0,2023,0.009358871271162786,0.003154402549323957,0.000572096511465053,0.9254985680262887,0.7507,0.5907,0.8239,prepaid_positive_balance; outlier_remaining_term_months; outlier_paydown_rate,"{'rule_breaches': ['prepaid_positive_balance', 'outlier_remaining_term_months', 'outlier_paydown_rate'], 'deviating_features': ['remaining_term_months', 'loan_age_months']}",58.7,0.956,0.587,0.845,4,escalate_human_review,prepaid_positive_balance; outlier_remaining_term_months; outlier_paydown_rate
L000027,2025-04-01,2023-03-01,25,25,155,594172,586499.05,4.0,749,66.9,Cedar,Prepaid,0,complete,2025-04-11,core,,,,,prepaid,none,0.014226937261452646,740+,61-80,32.4,21-35,TX,refinance,investor,condo,180,2023,749,66.9,32.4,0.9870863150737498,0.8611111111111112,0.0,0,0.04540903011642542,2023,0.007550615184170585,0.0025403226481446263,0.0014899289255614866,0.637654248003826,0.8667,0.7305,0.8239,prepaid_positive_balance; outlier_remaining_term_months; outlier_paydown_rate,"{'rule_breaches': ['prepaid_positive_balance', 'outlier_remaining_term_months', 'outlier_paydown_rate'], 'deviating_features': ['remaining_term_months', 'interest_rate']}",58.7,0.813,0.587,0.745,4,escalate_human_review,prepaid_positive_balance; outlier_remaining_term_months; outlier_paydown_rate
L000699,2025-02-01,2023-01-01,25,25,155,350424,282981.21,4.5,766,62.2,Beacon,Current,0,complete,2025-02-05,core,,,,,current,source_conflict,0.4802813507367661,740+,61-80,25.4,21-35,FL,refinance,owner,sfr,180,2023,766,62.2,25.4,0.807539466474899,0.8611111111111112,0.0,0,0.06890669687426028,2023,0.03977753570545969,0.024715999804560407,0.002109190142801537,0.14468281890359522,0.7296,0.5171,0.8179,outlier_remaining_term_months; outlier_paydown_rate; balance_source_conflict,"{'rule_breaches': ['outlier_remaining_term_months', 'outlier_paydown_rate', 'balance_source_conflict'], 'deviating_features': ['remaining_term_months', 'interest_rate']}",60.7,0.894,0.607,0.808,4,escalate_human_review,outlier_remaining_term_months; outlier_paydown_rate; balance_source_conflict
L000980,2025-03-01,2023-01-01,26,26,214,256359,244967.53,7.5,597,49.2,Beacon,Default,120,complete,2025-03-19,core,,,,,default,source_conflict,0.549675240743466,<620,<=60,33.7,21-35,IL,purchase,second_home,condo,240,2023,597,49.2,33.7,0.9555643843204257,0.8916666666666667,0.0,1,0.06552934270120024,2023,0.22380450036433788,0.471955824070233,0.9235801808150247,0.0005447587239421043,0.8575,0.7373,0.8179,outlier_remaining_term_months; outlier_paydown_rate; balance_source_conflict,"{'rule_breaches': ['outlier_remaining_term_months', 'outlier_paydown_rate', 'balance_source_conflict'], 'deviating_features': ['days_past_due', 'remaining_term_months']}",60.7,0.614,0.607,0.612,4,escalate_human_review,outlier_remaining_term_months; outlier_paydown_rate; balance_source_conflict
L000699,2025-04-01,2023-01-01,27,27,153,350424,295610.97,4.5,761,61.2,Beacon,Current,0,complete,2025-04-04,core,,,,,current,source_conflict,0.5795106303815497,740+,61-80,25.4,21-35,FL,refinance,owner,sfr,180,2023,761,61.2,25.4,0.8435808335045544,0.85,0.0,0,-0.04463109052364272,2023,0.03772111801829267,0.03612379388162438,0.001581948644477092,0.18663714321746985,0.7069,0.4514,0.8179,outlier_remaining_term_months; outlier_paydown_rate; balance_source_conflict,"{'rule_breaches': ['outlier_remaining_term_months', 'outlier_paydown_rate', 'balance_source_conflict'], 'deviating_features': ['remaining_term_months', 'loan_age_months']}",60.7,0.869,0.607,0.79,4,escalate_human_review,outlier_remaining_term_months; outlier_paydown_rate; balance_source_conflict
L001125,2025-02-01,2023-10-01,16,16,344,281960,313887.43,6.75,631,49.5,Beacon,Default,120,complete,2025-02-18,core,,,,,default,none,0.06062836484532539,620-679,<=60,40.6,36-43,GA,purchase,owner,sfr,360,2023,631,49.5,40.6,1.1132338984253085,0.9555555555555556,0.0,1,-0.14450703772397397,2023,0.10035235784865959,0.27361380288930665,0.83899351040874,0.0007794050631686833,0.9697,0.6418,0.8119,balance_exceeds_original; outlier_balance_ratio; outlier_paydown_rate,"{'rule_breaches': ['balance_exceeds_original', 'outlier_balance_ratio', 'outlier_paydown_rate'], 'deviating_features': ['days_past_due', 'loan_age_months']}",62.7,0.732,0.627,0.7,4,escalate_human_review,balance_exceeds_original; outlier_balance_ratio; outlier_paydown_rate
L000722,2025-05-01,2023-02-01,27,27,213,474720,365670.9,9.25,652,52.1,Cedar,Current,0,complete,2025-05-20,core,,,,,current,none,0.013166352414565976,620-679,<=60,24.0,21-35,WA,cash_out,owner,condo,240,2023,652,52.1,24.0,0.770287537917088,0.8875,0.0,0,0.12943691584068087,2023,0.01950129859249793,0.027667512384053503,0.006353635127740998,0.013059854619462226,0.7275,0.6667,0.8119,outlier_remaining_term_months; outlier_balance_ratio; outlier_paydown_rate,"{'rule_breaches': ['outlier_remaining_term_months', 'outlier_balance_ratio', 'outlier_paydown_rate'], 'deviating_features': ['interest_rate', 'loan_age_months']}",62.7,0.967,0.627,0.865,4,escalate_human_review,outlier_remaining_term_months; outlier_balance_ratio; outlier_paydown_rate
L000851,2025-04-01,2023-06-01,22,22,338,572311,626249.14,8.75,622,67.4,Atlas,Default,120,complete,2025-04-03,core,,,,,default,none,0.00334458406985989,620-679,61-80,43.8,44-50,TX,refinance,owner,townhouse,360,2023,622,67.4,43.8,1.0942462052974693,0.9388888888888889,0.0,1,-0.1431833603094553,2023,0.13375893939679415,0.24012733530089966,0.8674652126268816,0.0002670645332120618,0.9456,0.6818,0.8119,balance_exceeds_original; outlier_balance_ratio; outlier_paydown_rate,"{'rule_breaches': ['balance_exceeds_original', 'outlier_balance_ratio', 'outlier_paydown_rate'], 'deviating_features': ['days_past_due', 'interest_rate']}",62.7,0.747,0.627,0.711,4,escalate_human_review,balance_exceeds_original; outlier_balance_ratio; outlier_paydown_rate
L000956,2025-02-01,2023-09-01,17,17,223,105984,97790.04,4.0,801,53.6,Cedar,Current,-10,complete,2025-02-20,core,,,,,current,none,0.01698940893033833,740+,<=60,53.9,44-50,IL,purchase,owner,condo,240,2023,801,53.6,53.9,0.9226868206521739,0.9291666666666667,-10.0,1,0.009203692500478472,2023,0.016023762245005013,0.00876108451215797,0.0007944493878042908,0.09940989032666571,0.633,0.7248,0.8089,dpd_impossible; outlier_remaining_term_months; status_source_conflict,"{'rule_breaches': ['dpd_impossible', 'outlier_remaining_term_months', 'status_source_conflict'], 'deviating_features': ['days_past_due', 'interest_rate']}",63.7,0.938,0.637,0.848,3,escalate_human_review,dpd_impossible; outlier_remaining_term_months; status_source_conflict
